timestamp,outage_elapsed_s,GT_E,GT_N,neural_E,neural_N,ekf_pre_map_E,ekf_pre_map_N,final_E,final_N,total_error_m,along_track_error_m,cross_track_error_m,error_growth_rate_mps,step_error_m,drift_pct,speed_error_mps,heading_error_deg,yaw_residual_rads,map_raw_cross_track_m,map_aligned_cross_track_m,map_offset_e_m,map_offset_n_m,map_offset_norm_m,map_rotation_deg,map_correction_m,map_probability,p_stop,sigma_v,sigma_omega,FSM_state
12.0,0.1,-4.979,-66.92,-1.27,-44.73,-1.27,-44.73,-1.274,-44.729,22.499,-21.042,-7.964,224.988,22.499,N/A,-0.596,5.55,0.0252,8.21,5.98,3.129,6.583,7.289,0.0,0.0,0.0,0.055,0.04,0.05,STATIONARY
12.1,0.2,-4.972,-66.965,-1.27,-44.73,-1.27,-44.73,-1.274,-44.729,22.542,-21.062,-8.031,0.428,22.542,N/A,-0.459,5.73,0.0325,8.21,5.98,3.129,6.583,7.289,0.0,0.0,0.0,0.067,0.04,0.05,STATIONARY
12.2,0.3,-4.965,-66.998,-1.27,-44.73,-1.27,-44.73,-1.274,-44.729,22.573,-21.277,-7.54,0.318,22.573,N/A,-0.363,4.4,0.0233,8.21,5.98,3.129,6.583,7.289,0.0,0.0,0.0,0.101,0.04,0.05,STATIONARY
12.3,0.4,-4.965,-67.043,-1.27,-44.73,-1.27,-44.73,-1.274,-44.729,22.617,-21.457,-7.15,0.439,22.617,N/A,-0.463,3.34,0.0129,8.21,5.98,3.129,6.583,7.289,0.0,0.0,0.0,0.147,0.04,0.05,STATIONARY
12.4,0.5,-4.965,-67.076,-1.27,-44.73,-1.27,-44.73,-1.274,-44.729,22.65,-21.447,-7.285,0.329,22.65,N/A,-0.345,3.68,0.0164,8.21,5.98,3.129,6.583,7.289,0.0,0.0,0.0,0.224,0.04,0.05,STATIONARY
12.5,0.6,-4.972,-67.098,-1.27,-44.73,-1.27,-44.73,-1.274,-44.729,22.673,-22.073,-5.183,0.231,22.673,N/A,-0.289,-1.87,0.0168,8.21,5.98,3.129,6.583,7.289,0.0,0.0,0.0,0.318,0.03,0.05,STATIONARY
12.6,0.7,-4.965,-67.121,-1.27,-44.73,-1.27,-44.73,-1.274,-44.729,22.694,-21.385,-7.595,0.208,22.694,N/A,-0.286,4.49,0.0143,8.21,5.98,3.129,6.583,7.289,0.0,0.0,0.0,0.26,0.03,0.05,STATIONARY
12.7,0.8,-4.965,-67.132,-1.27,-44.73,-1.27,-44.73,-1.274,-44.729,22.705,-21.452,-7.439,0.11,22.705,N/A,-0.229,4.07,0.0135,8.21,5.98,3.129,6.583,7.289,0.0,0.0,0.0,0.368,0.03,0.05,STATIONARY
12.8,0.9,-4.965,-67.154,-1.27,-44.73,-1.27,-44.73,-1.274,-44.729,22.727,-22.016,-5.641,0.22,22.727,N/A,-0.223,-0.68,0.0046,8.21,5.98,3.129,6.583,7.289,0.0,0.0,0.0,0.423,0.03,0.05,STATIONARY
12.9,1.0,-4.958,-67.176,-1.27,-44.73,-1.27,-44.73,-1.274,-44.729,22.748,-21.633,-7.034,0.209,22.748,N/A,-0.205,2.99,0.0081,8.21,5.98,3.129,6.583,7.289,0.0,0.0,0.0,0.447,0.03,0.05,STATIONARY
13.0,1.1,-4.965,-67.199,-1.27,-44.73,-1.27,-44.73,-1.274,-44.729,22.771,-21.815,-6.528,0.231,22.771,N/A,-0.188,1.63,0.0177,8.21,5.98,3.129,6.583,7.289,0.0,0.0,0.0,0.408,0.03,0.05,STATIONARY
13.1,1.2,-4.965,-67.21,-1.27,-44.73,-1.27,-44.73,-1.274,-44.729,22.782,-21.668,-7.036,0.11,22.782,N/A,-0.188,2.96,0.0148,8.21,5.98,3.129,6.583,7.289,0.0,0.0,0.0,0.469,0.03,0.05,STATIONARY
13.2,1.3,-4.958,-67.232,-1.27,-44.73,-1.27,-44.73,-1.274,-44.729,22.803,-21.558,-7.432,0.209,22.803,N/A,-0.213,4.02,0.0184,8.21,5.98,3.129,6.583,7.289,0.0,0.0,0.0,0.5,0.03,0.05,STATIONARY
13.3,1.4,-4.958,-67.265,-1.27,-44.73,-1.27,-44.73,-1.274,-44.729,22.836,-21.726,-7.032,0.329,22.836,N/A,-0.258,2.95,0.0229,8.21,5.98,3.129,6.583,7.289,0.0,0.0,0.0,0.526,0.03,0.05,STATIONARY
13.4,1.5,-4.958,-67.299,-1.27,-44.73,-1.27,-44.73,-1.274,-44.729,22.869,-21.947,-6.426,0.329,22.869,N/A,-0.253,1.35,0.0272,8.21,5.98,3.129,6.583,7.289,0.0,0.0,0.0,0.552,0.03,0.05,STATIONARY
13.5,1.6,-4.958,-67.321,-1.27,-44.73,-1.27,-44.73,-1.274,-44.729,22.891,-21.774,-7.061,0.22,22.891,N/A,-0.255,3.01,0.0209,8.21,5.98,3.129,6.583,7.289,0.0,0.0,0.0,0.574,0.03,0.05,STATIONARY
13.6,1.7,-4.952,-67.366,-1.27,-44.73,-1.27,-44.73,-1.274,-44.729,22.934,-21.719,-7.365,0.428,22.934,N/A,-0.352,3.81,0.0172,8.21,5.98,3.129,6.583,7.289,0.0,0.0,0.0,0.573,0.03,0.05,STATIONARY
13.7,1.8,-4.958,-67.41,-1.27,-44.73,-1.27,-44.73,-1.274,-44.729,22.979,-21.858,-7.088,0.45,22.979,N/A,-0.409,3.04,0.0172,8.21,5.98,3.129,6.583,7.289,0.0,0.0,0.0,0.623,0.03,0.05,STATIONARY
13.8,1.9,-4.952,-67.455,-1.27,-44.73,-1.27,-44.73,-1.274,-44.729,23.021,-21.917,-7.046,0.428,23.021,N/A,-0.47,2.93,0.0169,8.21,5.98,3.129,6.583,7.289,0.0,0.0,0.0,0.661,0.03,0.05,STATIONARY
13.9,2.0,-4.938,-67.499,-1.27,-44.73,-1.27,-44.73,-1.274,-44.729,23.063,-21.428,-8.529,0.418,23.063,N/A,-0.441,6.86,0.0357,8.21,5.98,3.129,6.583,7.289,0.0,0.0,0.0,0.659,0.03,0.05,STATIONARY
14.0,2.1,-4.931,-67.555,-1.27,-44.73,-1.27,-44.73,-1.274,-44.729,23.117,-21.184,-9.254,0.539,23.117,N/A,-0.567,8.79,0.0231,8.21,5.98,3.129,6.583,7.289,0.0,0.0,0.0,0.65,0.03,0.05,STATIONARY
14.1,2.2,-4.931,-67.61,-1.27,-44.73,-1.27,-44.73,-1.274,-44.729,23.172,-21.927,-7.493,0.549,23.172,N/A,-0.511,4.09,0.0245,8.21,5.98,3.129,6.583,7.289,0.0,0.0,0.0,0.734,0.03,0.05,STATIONARY
14.2,2.3,-4.918,-67.655,-1.27,-44.73,-1.27,-44.73,-1.274,-44.729,23.214,-21.609,-8.481,0.418,23.214,N/A,-0.522,6.7,0.0259,8.21,5.98,3.129,6.583,7.289,0.0,0.0,0.0,0.747,0.03,0.05,STATIONARY
14.3,2.4,-4.904,-67.733,-1.27,-44.73,-1.27,-44.73,-1.274,-44.729,23.289,-21.841,-8.082,0.748,23.289,N/A,-0.721,5.64,0.0293,8.21,5.98,3.129,6.583,7.289,0.0,0.0,0.0,0.634,0.03,0.05,STATIONARY
14.4,2.5,-4.89,-67.822,-1.27,-44.73,-1.27,-44.73,-1.274,-44.729,23.374,-22.198,-7.322,0.858,23.374,N/A,-0.856,3.65,0.006,8.21,5.98,3.129,6.583,7.289,0.0,0.0,0.0,0.413,0.03,0.05,STATIONARY
14.5,2.6,-4.89,-67.911,-1.27,-44.73,-1.27,-44.73,-1.274,-44.729,23.462,-22.492,-6.677,0.88,23.462,N/A,-0.895,1.97,0.0173,8.21,5.98,3.129,6.583,7.289,0.0,0.0,0.0,0.256,0.03,0.05,STATIONARY
14.6,2.7,-4.87,-68.033,-1.27,-44.73,-1.27,-44.73,-1.274,-44.729,23.58,-22.356,-7.498,1.178,23.58,N/A,-1.145,4.07,0.001,8.21,5.98,3.129,6.583,7.289,0.0,0.0,0.0,0.133,0.03,0.05,STATIONARY
14.7,2.8,-4.843,-68.133,-1.27,-44.73,-1.27,-44.73,-1.274,-44.729,23.675,-22.369,-7.754,0.949,23.675,N/A,-1.045,4.75,0.0003,8.21,5.98,3.129,6.583,7.289,0.0,0.0,0.0,0.078,0.03,0.05,POSSIBLE_LAUNCH
14.8,2.9,-4.829,-68.278,-1.27,-44.73,-1.27,-44.73,-1.28,-44.729,23.815,-22.82,-6.81,1.396,23.815,N/A,0.221,2.34,0.0331,8.21,5.97,3.129,6.583,7.289,0.0,0.006,0.743,0.082,0.03,0.05,MOVING
14.9,3.0,-4.795,-68.434,-1.25,-44.95,-1.26,-44.95,-1.265,-44.954,23.744,-22.404,-7.862,-0.708,23.744,N/A,1.419,5.19,0.0446,8.25,6.01,3.129,6.583,7.289,0.0,0.007,0.745,0.044,0.04,0.05,MOVING
15.0,3.1,-4.761,-68.612,-1.22,-45.28,-1.23,-45.28,-1.242,-45.281,23.594,-22.085,-8.303,-1.494,23.594,N/A,1.878,6.63,0.062,8.32,6.08,3.129,6.583,7.289,0.0,0.009,0.747,0.043,0.04,0.05,MOVING
15.1,3.2,-4.727,-68.812,-1.18,-45.73,-1.2,-45.73,-1.21,-45.73,23.348,-22.033,-7.727,-2.462,23.348,N/A,3.441,5.36,0.0456,8.41,6.1,3.129,6.583,7.289,0.0,0.01,0.751,0.027,0.05,0.05,MOVING
15.2,3.3,-4.686,-69.035,-1.14,-46.08,-1.18,-46.08,-1.189,-46.08,23.219,-21.933,-7.621,-1.292,23.219,N/A,-0.537,5.3,0.0214,8.47,6.09,3.129,6.583,7.289,0.0,0.012,0.754,0.053,0.05,0.05,MOVING
15.3,3.4,-4.645,-69.279,-1.12,-46.32,-1.17,-46.32,-1.181,-46.321,23.218,-21.932,-7.62,-0.012,23.218,N/A,0.727,5.48,0.0095,8.51,6.07,3.129,6.583,7.289,0.0,0.014,0.756,0.022,0.05,0.05,MOVING
15.4,3.5,-4.597,-69.535,-1.09,-46.62,-1.15,-46.63,-1.169,-46.63,23.161,-21.977,-7.309,-0.574,23.161,N/A,0.437,4.88,0.0328,8.56,6.06,3.129,6.583,7.289,0.0,0.015,0.758,0.014,0.05,0.05,MOVING
15.5,3.6,-4.543,-69.825,-1.05,-47.16,-1.12,-47.16,-1.14,-47.166,22.913,-21.721,-7.292,-2.48,22.913,N/A,4.941,5.22,0.0243,8.66,6.04,3.129,6.583,7.289,0.0,0.017,0.762,0.007,0.05,0.05,MOVING
15.6,3.7,-4.502,-70.136,-0.98,-48.0,-1.07,-48.01,-1.089,-48.013,22.385,-21.234,-7.087,-5.273,22.385,N/A,6.112,5.09,0.0675,8.83,6.02,3.129,6.583,7.289,0.0,0.018,0.768,0.004,0.04,0.05,MOVING
15.7,3.8,-4.427,-70.448,-0.9,-49.01,-1.01,-49.02,-1.029,-49.021,21.694,-20.332,-7.566,-6.91,21.694,N/A,7.877,7.0,0.0812,9.02,5.99,3.129,6.583,7.289,0.0,0.02,0.774,0.002,0.04,0.05,MOVING
15.8,3.9,-4.352,-70.804,-0.81,-50.09,-0.95,-50.11,-0.969,-50.108,20.971,-19.484,-7.755,-7.231,20.971,N/A,7.152,8.22,0.1079,9.22,5.95,3.129,6.583,7.289,0.0,0.021,0.78,0.001,0.05,0.05,MOVING
15.9,4.0,-4.277,-71.182,-0.74,-51.04,-0.9,-51.06,-0.925,-51.058,20.402,-19.074,-7.24,-5.693,20.402,N/A,4.582,7.43,0.0977,9.39,5.91,3.129,6.583,7.289,0.0,0.023,0.785,0.001,0.05,0.05,MOVING
16.0,4.1,-4.189,-71.583,-0.7,-51.7,-0.88,-51.71,-0.906,-51.715,20.138,-18.715,-7.434,-2.643,20.138,N/A,0.77,8.58,0.0571,9.49,5.87,3.129,6.583,7.289,0.0,0.025,0.788,0.001,0.08,0.05,MOVING
16.1,4.2,-4.121,-72.017,-0.67,-52.24,-0.87,-52.26,-0.899,-52.264,20.014,-18.853,-6.717,-1.235,20.014,N/A,1.785,6.75,0.0385,9.53,5.83,3.129,6.583,7.289,0.0,0.027,0.791,0.001,0.07,0.05,MOVING
16.2,4.3,-4.032,-72.451,-0.65,-52.63,-0.88,-52.65,-0.905,-52.651,20.045,-18.818,-6.905,0.306,20.045,N/A,-2.759,7.67,0.0274,9.49,5.79,3.129,6.583,7.289,0.0,0.03,0.794,0.001,0.09,0.05,MOVING
16.3,4.4,-3.937,-72.907,-0.63,-52.95,-0.88,-52.97,-0.916,-52.976,20.159,-18.883,-7.058,1.141,20.159,N/A,0.281,8.28,0.0442,9.45,5.75,3.129,6.583,7.289,0.0,0.032,0.796,0.002,0.07,0.05,MOVING
16.4,4.5,-3.848,-73.341,-0.59,-53.6,-0.88,-53.63,-0.908,-53.63,19.929,-18.733,-6.802,-2.294,19.929,N/A,3.724,7.77,0.0202,9.4,5.7,3.129,6.583,7.289,0.0,0.033,0.8,0.001,0.05,0.05,MOVING
16.5,4.6,-3.732,-73.808,-0.55,-54.36,-0.86,-54.39,-0.893,-54.393,19.622,-18.146,-7.466,-3.076,19.622,N/A,2.292,10.24,0.0248,9.35,5.64,3.129,6.583,7.289,0.0,0.034,0.804,0.001,0.06,0.05,MOVING
16.6,4.7,-3.637,-74.276,-0.53,-54.77,-0.87,-54.8,-0.903,-54.804,19.663,-18.554,-6.512,0.413,19.663,N/A,-3.585,7.45,0.0468,9.3,5.6,3.129,6.583,7.289,0.0,0.036,0.807,0.001,0.08,0.05,MOVING
16.7,4.8,-3.535,-74.765,-0.51,-55.19,-0.87,-55.23,-0.911,-55.23,19.71,-18.571,-6.604,0.471,19.71,N/A,2.36,7.93,0.0082,9.25,5.55,3.129,6.583,7.289,0.0,0.037,0.81,0.001,0.05,0.05,MOVING
16.8,4.9,-3.426,-75.277,-0.47,-55.9,-0.86,-55.93,-0.9,-55.935,19.506,-18.403,-6.466,-2.043,19.506,N/A,1.552,7.82,0.0187,9.2,5.5,3.129,6.583,7.289,0.0,0.038,0.813,0.001,0.05,0.05,MOVING
16.9,5.0,-3.317,-75.778,-0.44,-56.48,-0.86,-56.52,-0.897,-56.527,19.402,-18.299,-6.449,-1.038,19.402,N/A,-0.042,7.95,0.0009,9.15,5.45,3.129,6.583,7.289,0.0,0.04,0.816,0.001,0.06,0.05,MOVING
17.0,5.1,-3.201,-76.301,-0.41,-56.87,-0.87,-56.91,-0.909,-56.917,19.519,-18.429,-6.431,1.169,19.519,N/A,-2.684,7.99,0.0787,9.11,5.41,3.129,6.583,7.289,0.0,0.041,0.818,0.0,0.08,0.05,MOVING
17.1,5.2,-3.085,-76.835,-0.4,-57.08,-0.89,-57.13,-0.934,-57.132,19.82,-18.772,-6.361,3.013,19.82,N/A,-3.846,7.59,0.125,9.06,5.36,3.129,6.583,7.289,0.0,0.043,0.82,0.0,0.08,0.05,MOVING
17.2,5.3,-2.99,-77.38,-0.4,-57.17,-0.93,-57.22,-0.97,-57.224,20.257,-19.47,-5.593,4.367,20.257,202.57,-5.252,4.71,0.1807,9.02,5.32,3.129,6.583,7.289,0.0,0.044,0.822,0.0,0.07,0.05,MOVING
17.3,5.4,-2.888,-77.903,-0.39,-57.19,-0.97,-57.24,-1.013,-57.246,20.742,-19.924,-5.769,4.853,20.742,195.68,-5.247,4.36,0.2004,8.97,5.27,3.129,6.583,7.289,0.0,0.045,0.822,0.0,0.07,0.05,MOVING
17.4,5.5,-2.779,-78.448,-0.39,-57.2,-1.01,-57.26,-1.058,-57.262,21.256,-20.475,-5.708,5.137,21.256,191.5,-5.359,3.23,0.2981,8.93,5.23,3.129,6.583,7.289,0.0,0.046,0.82,0.0,0.06,0.05,MOVING
17.5,5.6,-2.684,-78.983,-0.39,-57.21,-1.06,-57.27,-1.103,-57.273,21.767,-21.041,-5.573,5.106,21.767,187.64,-5.4,1.67,0.3386,8.88,5.18,3.129,6.583,7.289,0.0,0.046,0.814,0.0,0.06,0.05,MOVING
17.6,5.7,-2.602,-79.528,-0.39,-57.22,-1.1,-57.28,-1.147,-57.287,22.288,-21.769,-4.782,5.216,22.288,182.69,-5.344,-1.75,0.3645,8.84,5.14,3.129,6.583,7.289,0.0,0.046,0.804,0.0,0.04,0.05,MOVING
17.7,5.8,-2.54,-80.073,-0.38,-57.28,-1.13,-57.35,-1.18,-57.351,22.762,-22.408,-4.003,4.741,22.762,179.23,-4.498,-5.1,0.3202,8.8,5.1,3.129,6.583,7.289,0.0,0.045,0.792,0.0,0.04,0.05,MOVING
17.8,5.9,-2.479,-80.618,-0.35,-57.39,-1.15,-57.46,-1.203,-57.468,23.186,-22.82,-4.103,4.232,23.186,174.33,-4.227,-5.86,0.3758,8.76,5.06,3.129,6.583,7.289,0.0,0.049,0.84,0.0,0.04,0.05,MOVING
17.9,6.0,-2.445,-81.141,-0.34,-57.46,-1.19,-57.53,-1.234,-57.538,23.635,-23.433,-3.08,4.491,23.635,171.27,-5.211,-9.25,0.3484,8.73,5.03,3.129,6.583,7.289,0.0,0.048,0.822,0.0,0.05,0.05,MOVING
18.0,6.1,-2.432,-81.687,-0.33,-57.47,-1.23,-57.55,-1.278,-57.555,24.159,-24.087,-1.859,5.243,24.159,167.77,-5.239,-13.02,0.3424,8.68,4.98,3.129,6.583,7.289,0.0,0.047,0.805,0.0,0.05,0.05,MOVING
18.1,6.2,-2.445,-82.21,-0.32,-57.5,-1.27,-57.59,-1.315,-57.592,24.643,-24.629,-0.827,4.84,24.643,165.39,-4.704,-16.21,0.3081,8.64,4.94,3.129,6.583,7.289,0.0,0.046,0.788,0.0,0.05,0.05,MOVING
18.2,6.3,-2.459,-82.744,-0.26,-57.67,-1.26,-57.76,-1.31,-57.768,25.003,-24.994,-0.654,3.596,25.003,162.35,-2.305,-17.43,0.378,8.63,4.93,3.129,6.583,7.289,0.0,0.046,0.77,0.0,0.04,0.05,MOVING
18.3,6.4,-2.493,-83.3,-0.19,-57.84,-1.25,-57.95,-1.298,-57.95,25.378,-25.378,0.035,3.751,25.378,158.61,-4.713,-20.08,0.4829,8.63,4.93,3.129,6.583,7.289,0.0,0.045,0.746,0.0,0.04,0.05,MOVING
18.4,6.5,-2.554,-83.834,-0.17,-57.89,-1.28,-58.0,-1.332,-58.035,25.828,-25.785,1.503,4.508,25.828,156.54,-5.008,-26.25,0.4586,8.59,4.88,3.129,6.583,7.289,0.0,0.06,0.726,0.0,0.04,0.05,MOVING
18.5,6.6,-2.636,-84.379,-0.15,-57.93,-1.32,-58.07,-1.368,-58.101,26.309,-26.191,2.48,4.801,26.309,154.76,-5.108,-31.27,0.5021,8.54,4.84,3.129,6.583,7.289,0.0,0.059,0.711,0.0,0.04,0.05,MOVING
18.6,6.7,-2.738,-84.925,-0.13,-57.96,-1.35,-58.14,-1.4,-58.167,26.791,-26.59,3.274,4.821,26.791,152.22,-5.239,-35.88,0.5649,8.51,4.81,3.129,6.583,7.289,0.0,0.057,0.692,0.0,0.04,0.05,MOVING
18.7,6.8,-2.861,-85.459,-0.11,-58.0,-1.38,-58.2,-1.444,-58.281,27.215,-26.809,4.685,4.245,27.215,149.53,-5.063,-43.0,0.523,8.45,4.75,3.129,6.583,7.289,0.0,0.1,0.663,0.0,0.03,0.05,MOVING
18.8,6.9,-3.024,-85.993,-0.09,-58.02,-1.43,-58.31,-1.478,-58.371,27.665,-26.953,6.238,4.503,27.665,147.94,-5.274,-49.94,0.5461,8.41,4.71,3.129,6.583,7.289,0.0,0.081,0.543,0.0,0.04,0.05,MOVING
18.9,7.0,-3.215,-86.494,-0.07,-58.05,-1.46,-58.4,-1.511,-58.462,28.083,-26.935,7.948,4.174,28.083,145.51,-4.974,-57.22,0.5862,8.37,4.67,3.129,6.583,7.289,0.0,0.083,0.56,0.0,0.03,0.05,MOVING
19.0,7.1,-3.433,-86.994,-0.05,-58.08,-1.48,-58.49,-1.538,-58.561,28.497,-26.916,9.361,4.14,28.497,143.92,-5.029,-63.59,0.5414,8.33,4.63,3.129,6.583,7.289,0.0,0.084,0.568,0.0,0.03,0.05,MOVING
19.1,7.2,-3.671,-87.462,-0.02,-58.11,-1.51,-58.59,-1.564,-58.655,28.883,-26.738,10.923,3.867,28.883,142.28,-4.954,-70.2,0.5433,8.3,4.6,3.129,6.583,7.289,0.0,0.084,0.564,0.0,0.03,0.05,MOVING
19.2,7.3,-3.95,-87.918,0.01,-58.14,-1.54,-58.68,-1.59,-58.743,29.27,-26.372,12.699,3.87,29.27,140.05,-5.037,-77.04,0.5577,8.27,4.56,3.129,6.583,7.289,0.0,0.081,0.549,0.0,0.03,0.05,MOVING
19.3,7.4,-4.25,-88.363,0.03,-58.16,-1.56,-58.77,-1.601,-58.865,29.617,-26.133,13.938,3.467,29.617,138.4,-4.975,-83.7,0.5757,8.24,4.54,3.129,6.583,7.289,0.0,0.105,0.536,0.0,0.03,0.05,MOVING
19.4,7.5,-4.577,-88.775,0.07,-58.18,-1.57,-58.89,-1.603,-58.979,29.944,-25.551,15.614,3.265,29.944,136.73,-4.802,-91.33,0.5842,8.23,4.53,3.129,6.583,7.289,0.0,0.096,0.489,0.0,0.03,0.05,MOVING
19.5,7.6,-4.938,-89.153,0.21,-58.28,-1.46,-59.08,-1.494,-59.173,30.178,-24.506,17.61,2.339,30.178,134.12,-2.222,-99.25,0.1713,8.32,4.62,3.129,6.583,7.289,0.0,0.1,0.514,0.0,0.04,0.05,MOVING
19.6,7.7,-5.313,-89.531,0.52,-58.47,-1.19,-59.37,-1.225,-59.46,30.348,-24.437,17.996,1.703,30.348,131.95,-1.126,-103.11,0.3697,8.57,4.86,3.129,6.583,7.289,0.0,0.102,0.525,0.0,0.04,0.05,MOVING
19.7,7.8,-5.694,-89.843,0.91,-58.69,-0.84,-59.69,-0.873,-59.781,30.446,-23.511,19.344,0.981,30.446,129.56,-0.21,-109.46,0.3717,8.89,5.19,3.129,6.583,7.289,0.0,0.102,0.53,0.0,0.04,0.05,MOVING
19.8,7.9,-6.109,-90.143,1.18,-58.84,-0.6,-59.93,-0.637,-60.021,30.615,-22.602,20.65,1.691,30.615,127.56,-3.742,-115.61,0.4604,9.1,5.4,3.129,6.583,7.289,0.0,0.102,0.529,0.0,0.04,0.05,MOVING
19.9,8.0,-6.539,-90.41,1.29,-58.89,-0.53,-60.07,-0.569,-60.164,30.83,-21.831,21.769,2.15,30.83,125.84,-4.121,-121.38,0.5614,9.16,5.46,3.129,6.583,7.289,0.0,0.099,0.519,0.0,0.03,0.05,MOVING
20.0,8.1,-6.981,-90.633,1.35,-58.92,-0.5,-60.19,-0.537,-60.281,31.028,-20.361,23.413,1.982,31.028,123.62,-4.491,-128.68,0.5001,9.18,5.48,3.129,6.583,7.289,0.0,0.095,0.501,0.0,0.04,0.05,MOVING
20.1,8.2,-7.424,-90.822,1.4,-58.94,-0.49,-60.3,-0.497,-60.397,31.204,-19.262,24.55,1.76,31.204,121.89,-4.365,-135.71,0.5364,9.21,5.51,3.129,6.583,7.289,0.0,0.097,0.488,0.0,0.03,0.05,MOVING
20.2,8.3,-7.894,-91.0,1.45,-58.95,-0.45,-60.41,-0.458,-60.511,31.383,-18.291,25.502,1.787,31.383,120.7,-4.504,-142.26,0.5302,9.24,5.53,3.129,6.583,7.289,0.0,0.1,0.505,0.0,0.03,0.05,MOVING
20.3,8.4,-8.364,-91.145,1.49,-58.96,-0.41,-60.52,-0.419,-60.625,31.536,-17.494,26.24,1.536,31.536,119.01,-4.43,-148.2,0.5184,9.26,5.56,3.129,6.583,7.289,0.0,0.103,0.524,0.0,0.03,0.05,MOVING
20.4,8.5,-8.841,-91.256,1.54,-58.97,-0.37,-60.64,-0.376,-60.738,31.67,-16.358,27.119,1.338,31.67,117.3,-4.399,-154.6,0.5649,9.3,5.6,3.129,6.583,7.289,0.0,0.103,0.527,0.0,0.03,0.05,MOVING
20.5,8.6,-9.324,-91.323,1.6,-58.98,-0.32,-60.75,-0.327,-60.846,31.778,-14.611,28.219,1.072,31.778,115.55,-4.24,-161.97,0.5773,9.34,5.64,3.129,6.583,7.289,0.0,0.1,0.516,0.0,0.03,0.05,MOVING
20.6,8.7,-9.815,-91.356,1.66,-58.99,-0.27,-60.85,-0.279,-60.946,31.87,-12.955,29.119,0.929,31.87,113.82,-4.449,-168.83,0.5651,9.38,5.68,3.129,6.583,7.289,0.0,0.095,0.496,0.0,0.03,0.05,MOVING
20.7,8.8,-10.298,-91.345,1.72,-58.99,-0.22,-60.95,-0.204,-61.024,31.958,-11.048,29.987,0.871,31.958,112.13,-4.178,-176.89,0.4774,9.44,5.74,3.129,6.583,7.289,0.0,0.076,0.477,0.0,0.03,0.05,MOVING
20.8,8.9,-10.809,-91.312,1.78,-58.99,-0.14,-61.02,-0.126,-61.102,32.043,-9.827,30.499,0.856,32.043,110.49,-4.505,176.58,0.5016,9.51,5.81,3.129,6.583,7.289,0.0,0.08,0.504,0.0,0.03,0.05,MOVING
20.9,9.0,-11.299,-91.267,1.82,-58.99,-0.08,-61.1,-0.064,-61.179,32.117,-8.703,30.916,0.741,32.117,108.87,-4.572,170.45,0.5593,9.57,5.87,3.129,6.583,7.289,0.0,0.082,0.522,0.0,0.03,0.05,MOVING
21.0,9.1,-11.783,-91.156,1.85,-58.99,-0.03,-61.18,-0.017,-61.256,32.132,-6.569,31.453,0.147,32.132,107.11,-4.731,162.82,0.5298,9.61,5.91,3.129,6.583,7.289,0.0,0.082,0.526,0.0,0.04,0.05,MOVING
21.1,9.2,-12.273,-91.034,1.87,-58.98,0.0,-61.25,0.02,-61.33,32.147,-5.198,31.724,0.149,32.147,105.4,-4.836,156.82,0.4597,9.64,5.94,3.129,6.583,7.289,0.0,0.079,0.518,0.0,0.04,0.05,MOVING
21.2,9.3,-12.73,-90.867,1.89,-58.98,0.04,-61.33,0.052,-61.401,32.118,-3.156,31.963,-0.288,32.118,103.61,-4.735,149.89,0.5518,9.67,5.96,3.129,6.583,7.289,0.0,0.076,0.5,0.0,0.04,0.05,MOVING
21.3,9.4,-13.213,-90.677,1.9,-58.98,0.07,-61.4,0.081,-61.468,32.093,-2.119,32.023,-0.255,32.093,101.88,-4.996,144.51,0.5925,9.69,5.99,3.129,6.583,7.289,0.0,0.072,0.475,0.0,0.04,0.05,MOVING
21.4,9.5,-13.67,-90.433,1.91,-58.97,0.09,-61.46,0.113,-61.498,32.05,0.524,32.046,-0.428,32.05,100.16,-4.985,135.39,0.6046,9.72,6.02,3.129,6.583,7.289,0.0,0.039,0.493,0.0,0.04,0.05,MOVING
21.5,9.6,-14.126,-90.143,1.93,-58.97,0.13,-61.49,0.151,-61.526,31.981,2.294,31.898,-0.69,31.981,98.4,-5.117,128.27,0.5337,9.75,6.05,3.129,6.583,7.289,0.0,0.04,0.516,0.0,0.04,0.05,MOVING
21.6,9.7,-14.555,-89.854,1.95,-58.96,0.17,-61.52,0.19,-61.553,31.911,3.205,31.75,-0.694,31.911,96.7,-4.993,123.02,0.4137,9.79,6.09,3.129,6.583,7.289,0.0,0.04,0.525,0.0,0.04,0.05,MOVING
21.7,9.8,-14.971,-89.52,1.97,-58.95,0.21,-61.55,0.226,-61.58,31.806,5.1,31.394,-1.056,31.806,94.66,-5.095,116.13,0.4522,9.82,6.12,3.129,6.583,7.289,0.0,0.039,0.523,0.0,0.04,0.05,MOVING
21.8,9.9,-15.359,-89.164,1.99,-58.94,0.24,-61.57,0.263,-61.604,31.68,6.577,30.99,-1.257,31.68,92.9,-5.081,110.07,0.5258,9.86,6.16,3.129,6.583,7.289,0.0,0.038,0.511,0.0,0.03,0.05,MOVING
21.9,10.0,-15.733,-88.786,2.0,-58.93,0.28,-61.59,0.298,-61.626,31.539,7.761,30.569,-1.414,31.539,91.15,-5.067,104.6,0.5178,9.89,6.19,3.129,6.583,7.289,0.0,0.036,0.492,0.0,0.03,0.05,MOVING
22.0,10.1,-16.06,-88.352,2.02,-58.92,0.31,-61.62,0.302,-61.606,31.354,10.419,29.572,-1.846,31.354,89.33,-5.187,95.44,0.5009,9.9,6.2,3.129,6.583,7.289,0.0,0.015,0.474,0.0,0.04,0.05,MOVING
22.1,10.2,-16.346,-87.918,2.03,-58.91,0.32,-61.6,0.304,-61.585,31.155,12.549,28.516,-1.986,31.155,87.27,-5.1,87.34,0.4759,9.9,6.2,3.129,6.583,7.289,0.0,0.016,0.502,0.0,0.04,0.05,MOVING
22.2,10.3,-16.626,-87.462,2.05,-58.9,0.32,-61.57,0.307,-61.562,30.943,13.133,28.018,-2.118,30.943,85.48,-5.065,82.31,0.4738,9.91,6.2,3.129,6.583,7.289,0.0,0.016,0.52,0.0,0.03,0.05,MOVING
22.3,10.4,-16.878,-86.983,2.06,-58.89,0.32,-61.55,0.31,-61.539,30.705,14.094,27.28,-2.38,30.705,83.67,-5.182,76.74,0.4653,9.91,6.21,3.129,6.583,7.289,0.0,0.016,0.525,0.0,0.03,0.05,MOVING
22.4,10.5,-17.082,-86.482,2.07,-58.88,0.32,-61.53,0.311,-61.517,30.427,16.028,25.863,-2.789,30.427,81.57,-5.289,68.95,0.4667,9.91,6.21,3.129,6.583,7.289,0.0,0.016,0.519,0.0,0.03,0.05,MOVING
22.5,10.6,-17.266,-85.993,2.08,-58.87,0.32,-61.51,0.31,-61.496,30.15,16.779,25.05,-2.765,30.15,79.76,-5.115,63.83,0.5535,9.91,6.21,3.129,6.583,7.289,0.0,0.015,0.504,0.0,0.04,0.05,MOVING
22.6,10.7,-17.395,-85.47,2.09,-58.86,0.32,-61.49,0.309,-61.476,29.819,18.469,23.41,-3.315,29.819,77.86,-5.268,56.41,0.4964,9.91,6.21,3.129,6.583,7.289,0.0,0.014,0.483,0.0,0.04,0.05,MOVING
22.7,10.8,-17.504,-84.947,2.1,-58.85,0.32,-61.47,0.248,-61.434,29.462,19.318,22.244,-3.565,29.462,75.74,-5.237,49.98,0.4801,9.86,6.16,3.129,6.583,7.289,0.0,0.076,0.483,0.0,0.04,0.05,MOVING
22.8,10.9,-17.572,-84.424,2.11,-58.84,0.25,-61.43,0.183,-61.39,29.083,20.351,20.777,-3.792,29.083,73.81,-5.193,43.07,0.4768,9.8,6.1,3.129,6.583,7.289,0.0,0.079,0.508,0.0,0.04,0.05,MOVING
22.9,11.0,-17.606,-83.89,2.11,-58.83,0.19,-61.38,0.117,-61.346,28.676,21.093,19.427,-4.066,28.676,71.87,-5.211,36.87,0.4749,9.73,6.03,3.129,6.583,7.289,0.0,0.08,0.522,0.0,0.04,0.05,MOVING
23.0,11.1,-17.6,-83.356,2.12,-58.82,0.12,-61.34,0.051,-61.302,28.247,21.918,17.819,-4.291,28.247,69.75,-5.236,30.34,0.5076,9.67,5.97,3.129,6.583,7.289,0.0,0.08,0.525,0.0,0.04,0.05,MOVING
23.1,11.2,-17.572,-82.844,2.12,-58.82,0.06,-61.29,-0.014,-61.259,27.824,22.411,16.49,-4.228,27.824,67.86,-5.15,24.82,0.4983,9.61,5.91,3.129,6.583,7.289,0.0,0.077,0.517,0.0,0.04,0.05,MOVING
23.2,11.3,-17.491,-82.299,2.13,-58.81,-0.01,-61.25,-0.076,-61.218,27.343,23.163,14.53,-4.817,27.343,65.89,-5.321,18.04,0.4817,9.55,5.85,3.129,6.583,7.289,0.0,0.074,0.502,0.0,0.04,0.05,MOVING
23.3,11.4,-17.388,-81.787,2.13,-58.8,-0.07,-61.21,-0.136,-61.18,26.876,23.47,13.094,-4.671,26.876,63.84,-5.272,12.62,0.4793,9.5,5.8,3.129,6.583,7.289,0.0,0.07,0.482,0.0,0.04,0.05,MOVING
23.4,11.5,-17.259,-81.275,2.13,-58.8,-0.13,-61.17,-0.271,-61.153,26.334,23.599,11.688,-5.414,26.334,61.82,-5.246,6.67,0.4789,9.37,5.66,3.129,6.583,7.289,0.0,0.139,0.484,0.0,0.04,0.05,MOVING
23.5,11.6,-17.075,-80.774,2.13,-58.79,-0.27,-61.15,-0.41,-61.126,25.764,23.971,9.442,-5.707,25.764,59.78,-5.326,-1.1,0.4759,9.23,5.53,3.129,6.583,7.289,0.0,0.143,0.507,0.0,0.04,0.05,MOVING
23.6,11.7,-16.871,-80.284,2.14,-58.78,-0.41,-61.12,-0.552,-61.098,25.188,23.914,7.909,-5.757,25.188,57.64,-5.211,-7.08,0.4542,9.09,5.39,3.129,6.583,7.289,0.0,0.146,0.522,0.0,0.04,0.05,MOVING
23.7,11.8,-16.632,-79.828,2.14,-58.78,-0.55,-61.09,-0.693,-61.068,24.617,23.806,6.265,-5.707,24.617,55.69,-5.145,-13.11,0.4485,8.95,5.25,3.129,6.583,7.289,0.0,0.144,0.525,0.0,0.04,0.05,MOVING
23.8,11.9,-16.353,-79.361,2.14,-58.77,-0.69,-61.06,-0.83,-61.04,24.013,23.626,4.297,-6.037,24.013,53.72,-5.347,-19.87,0.4911,8.82,5.12,3.129,6.583,7.289,0.0,0.14,0.517,0.0,0.04,0.05,MOVING
23.9,12.0,-16.06,-78.905,2.14,-58.76,-0.83,-61.03,-0.961,-61.013,23.411,23.219,2.995,-6.021,23.411,51.68,-5.325,-24.81,0.5185,8.69,4.99,3.129,6.583,7.289,0.0,0.134,0.502,0.0,0.04,0.05,MOVING
24.0,12.1,-15.727,-78.504,2.14,-58.76,-0.96,-61.01,-1.086,-60.989,22.828,22.81,0.923,-5.828,22.828,49.84,-5.247,-31.68,0.4598,8.57,4.87,3.129,6.583,7.289,0.0,0.127,0.483,0.0,0.04,0.05,MOVING
24.1,12.2,-15.359,-78.092,2.14,-58.75,-1.09,-60.98,-1.281,-61.014,22.133,22.122,-0.695,-6.956,22.133,47.8,-5.352,-38.4,0.4719,8.37,4.67,3.129,6.583,7.289,0.0,0.198,0.495,0.0,0.04,0.05,MOVING
24.2,12.3,-14.971,-77.714,2.14,-58.74,-1.28,-61.01,-1.478,-61.038,21.451,21.335,-2.228,-6.818,21.451,45.74,-5.348,-44.84,0.433,8.17,4.47,3.129,6.583,7.289,0.0,0.2,0.514,0.0,0.04,0.05,MOVING
24.3,12.4,-14.569,-77.369,2.14,-58.73,-1.48,-61.03,-1.676,-61.06,20.789,20.467,-3.645,-6.618,20.789,43.86,-5.197,-51.03,0.4174,7.97,4.27,3.129,6.583,7.289,0.0,0.2,0.525,0.0,0.03,0.05,MOVING
24.4,12.5,-14.126,-77.035,2.14,-58.73,-1.68,-61.05,-1.874,-61.084,20.114,19.448,-5.133,-6.754,20.114,41.99,-5.45,-57.31,0.4834,7.78,4.07,3.129,6.583,7.289,0.0,0.199,0.523,0.0,0.04,0.05,MOVING
24.5,12.6,-13.67,-76.757,2.14,-58.72,-1.87,-61.08,-2.064,-61.107,19.483,18.214,-6.918,-6.305,19.483,40.17,-5.306,-64.56,0.4587,7.58,3.88,3.129,6.583,7.289,0.0,0.192,0.513,0.0,0.04,0.05,MOVING
24.6,12.7,-13.193,-76.512,2.14,-58.72,-2.07,-61.1,-2.247,-61.129,18.88,17.032,-8.147,-6.031,18.88,38.53,-5.303,-70.3,0.4775,7.4,3.7,3.129,6.583,7.289,0.0,0.184,0.497,0.0,0.04,0.05,MOVING
24.7,12.8,-12.702,-76.301,2.14,-58.71,-2.25,-61.12,-2.428,-61.209,18.257,15.691,-9.333,-6.234,18.257,36.81,-5.269,-77.19,0.4462,7.21,3.51,3.129,6.583,7.289,0.0,0.2,0.487,0.0,0.04,0.05,MOVING
24.8,12.9,-12.205,-76.101,2.14,-58.7,-2.43,-61.2,-2.61,-61.289,17.648,14.613,-9.895,-6.091,17.648,35.23,-5.278,-82.04,0.4615,7.02,3.32,3.129,6.583,7.289,0.0,0.2,0.509,0.0,0.04,0.05,MOVING
24.9,13.0,-11.701,-75.945,2.13,-58.7,-2.61,-61.28,-2.792,-61.369,17.083,13.409,-10.583,-5.652,17.083,33.76,-5.197,-87.32,0.4705,6.84,3.13,3.129,6.583,7.289,0.0,0.2,0.523,0.0,0.04,0.05,MOVING
25.0,13.1,-11.17,-75.822,2.13,-58.69,-2.79,-61.36,-2.975,-61.45,16.545,11.908,-11.486,-5.376,16.545,32.31,-5.351,-93.66,0.4679,6.65,2.95,3.129,6.583,7.289,0.0,0.2,0.525,0.0,0.04,0.05,MOVING
25.1,13.2,-10.632,-75.756,2.13,-58.68,-2.98,-61.44,-3.158,-61.53,16.07,10.047,-12.542,-4.754,16.07,31.08,-5.341,-101.22,0.4691,6.46,2.76,3.129,6.583,7.289,0.0,0.2,0.518,0.0,0.04,0.05,MOVING
25.2,13.3,-10.094,-75.722,2.13,-58.68,-3.16,-61.52,-3.341,-61.61,15.645,8.172,-13.341,-4.249,15.645,29.97,-5.345,-108.28,0.4767,6.27,2.57,3.129,6.583,7.289,0.0,0.2,0.505,0.0,0.04,0.05,MOVING
25.3,13.4,-9.542,-75.744,2.12,-58.67,-3.34,-61.6,-3.524,-61.69,15.289,6.343,-13.911,-3.56,15.289,28.96,-5.42,-114.77,0.4933,6.08,2.38,3.129,6.583,7.289,0.0,0.2,0.487,0.0,0.04,0.05,MOVING
25.4,13.5,-8.997,-75.8,2.12,-58.67,-3.53,-61.69,-3.675,-61.82,14.959,4.531,-14.257,-3.294,14.959,28.07,-5.42,-122.21,0.4484,5.92,2.22,3.129,6.583,7.289,0.0,0.2,0.497,0.0,0.04,0.05,MOVING
25.5,13.6,-8.446,-75.867,2.12,-58.66,-3.68,-61.81,-3.826,-61.949,14.665,3.125,-14.328,-2.946,14.665,27.21,-5.418,-127.66,0.4236,5.75,2.05,3.129,6.583,7.289,0.0,0.2,0.513,0.0,0.04,0.05,MOVING
25.6,13.7,-7.914,-75.989,2.12,-58.66,-3.83,-61.94,-3.978,-62.077,14.458,1.275,-14.402,-2.066,14.458,26.58,-5.386,-134.84,0.4379,5.59,1.89,3.129,6.583,7.289,0.0,0.2,0.524,0.0,0.04,0.05,MOVING
25.7,13.8,-7.39,-76.145,2.11,-58.65,-3.98,-62.07,-4.13,-62.206,14.315,-0.438,-14.308,-1.43,14.315,26.03,-5.377,-141.32,0.4529,5.43,1.73,3.129,6.583,7.289,0.0,0.2,0.524,0.0,0.04,0.05,MOVING
25.8,13.9,-6.865,-76.334,2.11,-58.65,-4.13,-62.2,-4.282,-62.335,14.235,-1.879,-14.111,-0.796,14.235,25.65,-5.462,-146.54,0.4398,5.27,1.56,3.129,6.583,7.289,0.0,0.2,0.517,0.0,0.04,0.05,MOVING
25.9,14.0,-6.375,-76.59,2.1,-58.64,-4.29,-62.33,-4.435,-62.464,14.259,-4.009,-13.683,0.234,14.259,25.42,-5.38,-154.75,0.4522,5.1,1.4,3.129,6.583,7.289,0.0,0.2,0.502,0.0,0.04,0.05,MOVING
26.0,14.1,-5.898,-76.857,2.1,-58.64,-4.44,-62.46,-4.545,-62.629,14.293,-5.42,-13.225,0.34,14.293,25.25,-5.353,-161.22,0.4551,4.98,1.28,3.129,6.583,7.289,0.0,0.2,0.488,0.0,0.04,0.05,MOVING
26.1,14.2,-5.442,-77.147,2.09,-58.63,-4.55,-62.62,-4.656,-62.793,14.375,-6.672,-12.733,0.825,14.375,25.13,-5.24,-167.09,0.4284,4.85,1.15,3.129,6.583,7.289,0.0,0.2,0.508,0.0,0.04,0.05,MOVING
26.2,14.3,-5.013,-77.48,2.09,-58.63,-4.66,-62.79,-4.768,-62.957,14.525,-8.196,-11.993,1.502,14.525,25.17,-5.287,-174.21,0.4392,4.73,1.02,3.129,6.583,7.289,0.0,0.2,0.522,0.0,0.04,0.05,MOVING
26.3,14.4,-4.618,-77.825,2.08,-58.62,-4.77,-62.95,-4.88,-63.121,14.706,-9.454,-11.265,1.807,14.706,25.27,-5.152,179.72,0.475,4.6,0.9,3.129,6.583,7.289,0.0,0.2,0.525,0.0,0.04,0.05,MOVING
26.4,14.5,-4.23,-78.193,2.08,-58.62,-4.89,-63.12,-4.993,-63.286,14.926,-10.55,-10.558,2.198,14.926,25.43,-5.229,174.55,0.3886,4.47,0.77,3.129,6.583,7.289,0.0,0.2,0.52,0.0,0.04,0.05,MOVING
26.5,14.6,-3.875,-78.593,2.07,-58.61,-5.0,-63.28,-5.106,-63.451,15.193,-11.855,-9.501,2.666,15.193,25.62,-5.195,167.95,0.4806,4.35,0.64,3.129,6.583,7.289,0.0,0.2,0.507,0.0,0.04,0.05,MOVING
26.6,14.7,-3.549,-79.016,2.06,-58.61,-5.11,-63.45,-5.221,-63.615,15.492,-12.899,-8.58,2.993,15.492,25.91,-5.164,162.33,0.4498,4.22,0.52,3.129,6.583,7.289,0.0,0.2,0.489,0.0,0.04,0.05,MOVING
26.7,14.8,-3.249,-79.461,2.05,-58.6,-5.23,-63.61,-5.283,-63.802,15.79,-13.922,-7.45,2.983,15.79,26.19,-5.239,155.05,0.4971,4.14,0.44,3.129,6.583,7.289,0.0,0.2,0.499,0.0,0.03,0.05,MOVING
26.8,14.9,-2.983,-79.906,2.04,-58.6,-5.29,-63.8,-5.345,-63.99,16.09,-14.772,-6.379,2.999,16.09,26.42,-5.128,148.5,0.4792,4.06,0.36,3.129,6.583,7.289,0.0,0.2,0.515,0.0,0.04,0.05,MOVING
26.9,15.0,-2.738,-80.385,2.04,-58.59,-5.35,-63.99,-5.408,-64.179,16.424,-15.522,-5.367,3.339,16.424,26.75,-5.246,142.53,0.555,3.98,0.28,3.129,6.583,7.289,0.0,0.2,0.525,0.0,0.04,0.05,MOVING
27.0,15.1,-2.527,-80.874,2.03,-58.59,-5.41,-64.18,-5.47,-64.368,16.766,-16.268,-4.057,3.423,16.766,27.09,-5.171,135.71,0.5451,3.9,0.2,3.129,6.583,7.289,0.0,0.2,0.523,0.0,0.04,0.05,MOVING
27.1,15.2,-2.35,-81.33,2.02,-58.59,-5.48,-64.37,-5.533,-64.558,17.072,-16.77,-3.197,3.059,17.072,27.36,-4.958,130.74,0.5468,3.82,0.12,3.129,6.583,7.289,0.0,0.2,0.512,0.0,0.04,0.05,MOVING
27.2,15.3,-2.214,-81.82,2.01,-58.59,-5.54,-64.55,-5.549,-64.755,17.388,-17.29,-1.844,3.162,17.388,27.64,-4.935,123.25,0.5343,3.79,0.09,3.129,6.583,7.289,0.0,0.2,0.515,0.0,0.03,0.05,MOVING
27.3,15.4,-2.098,-82.299,2.0,-58.58,-5.56,-64.75,-5.568,-64.951,17.691,-17.663,-0.988,3.025,17.691,27.86,-4.738,117.51,0.5082,3.75,0.05,3.129,6.583,7.289,0.0,0.2,0.536,0.0,0.03,0.05,MOVING
27.4,15.5,-2.002,-82.788,1.99,-58.58,-5.58,-64.95,-5.589,-65.148,18.001,-18.0,0.111,3.097,18.001,28.17,-4.843,111.34,0.5108,3.71,0.01,3.129,6.583,7.289,0.0,0.2,0.547,0.0,0.03,0.05,MOVING
27.5,15.6,-1.948,-83.278,1.98,-58.58,-5.6,-65.15,-5.608,-65.346,18.301,-18.25,1.372,3.006,18.301,28.42,-4.781,104.74,0.5257,3.68,0.02,3.129,6.583,7.289,0.0,0.2,0.545,0.0,0.03,0.05,MOVING
27.6,15.7,-1.934,-83.767,1.96,-58.58,-5.62,-65.35,-5.627,-65.545,18.593,-18.382,2.792,2.916,18.593,28.65,-4.813,97.82,0.5718,3.64,0.06,3.129,6.583,7.289,0.0,0.2,0.532,0.0,0.03,0.05,MOVING
27.7,15.8,-1.948,-84.257,1.95,-58.58,-5.64,-65.54,-5.606,-65.742,18.873,-18.461,3.924,2.804,18.873,28.86,-4.826,91.18,0.508,3.64,0.06,3.129,6.583,7.289,0.0,0.2,0.513,0.0,0.03,0.05,MOVING
27.8,15.9,-1.989,-84.735,1.94,-58.58,-5.62,-65.74,-5.585,-65.939,19.137,-18.506,4.875,2.641,19.137,29.04,-4.708,85.28,0.5308,3.65,0.05,3.129,6.583,7.289,0.0,0.2,0.524,0.0,0.03,0.05,MOVING
27.9,16.0,-2.071,-85.225,1.93,-58.58,-5.6,-65.94,-5.565,-66.137,19.405,-18.424,6.092,2.679,19.405,29.22,-4.856,78.68,0.5339,3.65,0.05,3.129,6.583,7.289,0.0,0.2,0.524,0.0,0.03,0.05,MOVING
28.0,16.1,-2.166,-85.692,1.92,-58.58,-5.58,-66.14,-5.545,-66.336,19.65,-18.299,7.158,2.444,19.65,29.37,-4.653,72.64,0.5141,3.65,0.05,3.129,6.583,7.289,0.0,0.2,0.512,0.0,0.03,0.05,MOVING
28.1,16.2,-2.295,-86.16,1.91,-58.58,-5.56,-66.34,-5.485,-66.524,19.893,-18.173,8.092,2.436,19.893,29.52,-4.716,66.22,0.508,3.7,0.01,3.129,6.583,7.289,0.0,0.2,0.506,0.0,0.03,0.05,MOVING
28.2,16.3,-2.452,-86.605,1.9,-58.58,-5.5,-66.53,-5.495,-66.526,20.308,-18.115,9.18,4.151,20.308,29.95,-4.643,57.04,0.5449,3.69,0.02,3.129,6.583,7.289,0.0,0.0,0.583,0.0,0.03,0.05,MOVING
28.3,16.4,-2.636,-87.05,1.89,-58.58,-5.51,-66.53,-5.438,-66.717,20.525,-17.913,10.021,2.169,20.525,30.05,-4.637,51.22,0.5494,3.73,0.02,3.129,6.583,7.289,0.0,0.2,0.471,0.0,0.03,0.05,MOVING
28.4,16.5,-2.854,-87.484,1.87,-58.59,-5.45,-66.72,-5.451,-66.721,20.924,-17.596,11.324,3.994,20.924,30.41,-4.708,41.27,0.5364,3.71,0.01,3.129,6.583,7.289,0.0,0.0,0.593,0.0,0.03,0.05,MOVING
28.5,16.6,-3.099,-87.885,1.86,-58.59,-5.46,-66.73,-5.36,-66.899,21.107,-17.162,12.288,1.829,21.107,30.46,-4.609,34.55,0.5362,3.79,0.09,3.129,6.583,7.289,0.0,0.2,0.48,0.0,0.03,0.05,MOVING
28.6,16.7,-3.365,-88.263,1.85,-58.6,-5.37,-66.91,-5.375,-66.906,21.452,-16.807,13.33,3.442,21.452,30.73,-4.526,25.26,0.529,3.77,0.07,3.129,6.583,7.289,0.0,0.001,0.536,0.0,0.03,0.05,MOVING
28.7,16.8,-3.657,-88.619,1.83,-58.6,-5.39,-66.91,-5.259,-67.067,21.612,-16.201,14.303,1.601,21.612,30.79,-4.51,18.11,0.5637,3.87,0.17,3.129,6.583,7.289,0.0,0.2,0.473,0.0,0.03,0.05,MOVING
28.8,16.9,-3.971,-88.975,1.82,-58.61,-5.27,-67.07,-5.14,-67.227,21.779,-15.827,14.961,1.678,21.779,30.81,-4.59,12.09,0.5564,3.98,0.28,3.129,6.583,7.289,0.0,0.2,0.525,0.0,0.04,0.05,MOVING
28.9,17.0,-4.305,-89.309,1.81,-58.62,-5.15,-67.24,-5.021,-67.388,21.933,-15.386,15.63,1.532,21.933,30.8,-4.636,6.12,0.532,4.08,0.38,3.129,6.583,7.289,0.0,0.2,0.519,0.0,0.03,0.05,MOVING
29.0,17.1,-4.672,-89.632,1.8,-58.62,-5.03,-67.4,-4.904,-67.551,22.082,-14.933,16.266,1.49,22.082,30.84,-4.729,0.15,0.5423,4.18,0.48,3.129,6.583,7.289,0.0,0.2,0.501,0.0,0.03,0.05,MOVING
29.1,17.2,-5.054,-89.932,1.78,-58.63,-4.92,-67.56,-4.76,-67.688,22.246,-14.37,16.981,1.641,22.246,30.85,-4.693,-6.72,0.5683,4.31,0.61,3.129,6.583,7.289,0.0,0.2,0.516,0.0,0.03,0.05,MOVING
29.2,17.3,-5.456,-90.188,1.77,-58.64,-4.77,-67.7,-4.614,-67.825,22.378,-13.54,17.817,1.326,22.378,30.82,-4.638,-14.02,0.5801,4.45,0.75,3.129,6.583,7.289,0.0,0.2,0.525,0.0,0.03,0.05,MOVING
29.3,17.4,-5.885,-90.433,1.76,-58.66,-4.62,-67.84,-4.641,-67.852,22.614,-12.819,18.63,2.361,22.614,30.94,-4.749,-23.52,0.5348,4.42,0.72,3.129,6.583,7.289,0.0,0.022,0.524,0.0,0.03,0.05,MOVING
29.4,17.5,-6.321,-90.666,1.75,-58.67,-4.65,-67.87,-4.51,-67.932,22.806,-12.378,19.155,1.915,22.806,30.99,-4.785,-29.88,0.5678,4.54,0.84,3.129,6.583,7.289,0.0,0.155,0.495,0.0,0.03,0.05,MOVING
29.5,17.6,-6.777,-90.844,1.73,-58.68,-4.52,-67.95,-4.376,-68.015,22.955,-11.504,19.864,1.488,22.955,30.98,-4.768,-37.23,0.5435,4.67,0.97,3.129,6.583,7.289,0.0,0.158,0.518,0.0,0.03,0.05,MOVING
29.6,17.7,-7.247,-91.011,1.72,-58.69,-4.38,-68.03,-4.405,-68.069,23.118,-10.883,20.396,1.629,23.118,30.99,-4.823,-45.98,0.5472,4.63,0.93,3.129,6.583,7.289,0.0,0.043,0.563,0.0,0.03,0.05,MOVING
29.7,17.8,-7.737,-91.167,1.71,-58.71,-4.41,-68.09,-4.277,-68.153,23.273,-10.54,20.75,1.556,23.273,30.99,-4.901,-51.22,0.542,4.75,1.05,3.129,6.583,7.289,0.0,0.15,0.499,0.0,0.03,0.05,MOVING
29.8,17.9,-8.234,-91.256,1.7,-58.73,-4.29,-68.18,-4.305,-68.214,23.375,-9.126,21.519,1.014,23.375,30.92,-4.719,-62.1,0.5349,4.72,1.02,3.129,6.583,7.289,0.0,0.041,0.552,0.0,0.03,0.05,MOVING
29.9,18.0,-8.745,-91.334,1.68,-58.76,-4.31,-68.24,-4.212,-68.261,23.514,-8.595,21.887,1.397,23.514,30.9,-4.871,-68.17,0.5605,4.81,1.11,3.129,6.583,7.289,0.0,0.102,0.517,0.0,0.03,0.05,MOVING
30.0,18.1,-9.263,-91.367,1.67,-58.79,-4.22,-68.29,-4.225,-68.331,23.581,-7.304,22.421,0.662,23.581,30.78,-4.898,-78.59,0.5304,4.79,1.09,3.129,6.583,7.289,0.0,0.039,0.528,0.0,0.03,0.05,MOVING
30.1,18.2,-9.787,-91.367,1.65,-58.82,-4.23,-68.37,-4.243,-68.372,23.654,-6.287,22.803,0.736,23.654,30.68,-4.709,-85.84,0.4922,4.77,1.07,3.129,6.583,7.289,0.0,0.015,0.589,0.0,0.03,0.05,MOVING
30.2,18.3,-10.305,-91.334,1.62,-58.88,-4.24,-68.44,-4.26,-68.438,23.68,-5.125,23.119,0.261,23.68,30.48,-4.403,-93.19,0.5026,4.75,1.04,3.129,6.583,7.289,0.0,0.016,0.664,0.0,0.03,0.05,MOVING
30.3,18.4,-10.843,-91.256,1.6,-58.96,-4.26,-68.52,-4.273,-68.517,23.67,-4.11,23.31,-0.107,23.67,30.27,-4.641,-99.82,0.5073,4.73,1.02,3.129,6.583,7.289,0.0,0.016,0.678,0.0,0.03,0.05,MOVING
30.4,18.5,-11.361,-91.178,1.58,-59.02,-4.27,-68.58,-4.283,-68.582,23.679,-3.67,23.393,0.096,23.679,30.09,-4.722,-104.88,0.5971,4.71,1.01,3.129,6.583,7.289,0.0,0.016,0.678,0.0,0.03,0.05,MOVING
30.5,18.6,-11.878,-91.011,1.57,-59.06,-4.28,-68.63,-4.292,-68.628,23.634,-1.762,23.568,-0.451,23.634,29.84,-5.036,-113.25,0.5693,4.7,1.0,3.129,6.583,7.289,0.0,0.015,0.667,0.0,0.03,0.05,MOVING
30.6,18.7,-12.396,-90.856,1.56,-59.09,-4.29,-68.66,-4.3,-68.659,23.626,-1.584,23.573,-0.078,23.626,29.61,-5.086,-117.19,0.4978,4.69,0.98,3.129,6.583,7.289,0.0,0.014,0.649,0.0,0.03,0.05,MOVING
30.7,18.8,-12.893,-90.655,1.56,-59.12,-4.29,-68.69,-4.308,-68.689,23.585,-0.377,23.582,-0.417,23.585,29.37,-5.05,-123.53,0.5307,4.68,0.98,3.129,6.583,7.289,0.0,0.013,0.626,0.0,0.03,0.05,MOVING
30.8,18.9,-13.404,-90.422,1.56,-59.16,-4.3,-68.72,-4.312,-68.722,23.528,0.301,23.526,-0.571,23.528,29.08,-5.188,-128.57,0.5643,4.67,0.97,3.129,6.583,7.289,0.0,0.013,0.6,0.0,0.03,0.05,MOVING
30.9,19.0,-13.881,-90.166,1.55,-59.19,-4.3,-68.76,-4.313,-68.757,23.449,1.278,23.414,-0.786,23.449,28.81,-5.096,-134.2,0.558,4.66,0.96,3.129,6.583,7.289,0.0,0.012,0.573,0.0,0.03,0.05,MOVING
31.0,19.1,-14.344,-89.843,1.55,-59.23,-4.3,-68.79,-4.314,-68.79,23.32,2.905,23.139,-1.288,23.32,28.44,-5.25,-141.33,0.4151,4.66,0.96,3.129,6.583,7.289,0.0,0.011,0.548,0.0,0.03,0.05,MOVING
31.1,19.2,-14.78,-89.509,1.56,-59.25,-4.3,-68.82,-4.314,-68.819,23.187,3.817,22.87,-1.334,23.187,28.11,-5.156,-146.5,0.4839,4.66,0.96,3.129,6.583,7.289,0.0,0.011,0.525,0.0,0.04,0.05,MOVING
31.2,19.3,-15.195,-89.164,1.56,-59.28,-4.3,-68.84,-4.302,-68.864,23.039,4.309,22.632,-1.482,23.039,27.72,-5.116,-154.7,0.5134,4.67,0.97,3.129,6.583,7.289,0.0,0.02,0.507,0.0,0.03,0.05,MOVING
31.3,19.4,-15.583,-88.775,1.56,-59.31,-4.29,-68.88,-4.281,-68.879,22.882,5.718,22.156,-1.563,22.882,27.37,-5.221,-162.27,0.5521,4.69,0.98,3.129,6.583,7.289,0.0,0.012,0.545,0.0,0.03,0.05,MOVING
31.4,19.5,-15.931,-88.363,1.56,-59.33,-4.27,-68.9,-4.261,-68.891,22.702,6.993,21.598,-1.807,22.702,26.99,-5.247,-169.48,0.4843,4.7,1.0,3.129,6.583,7.289,0.0,0.011,0.534,0.0,0.04,0.05,MOVING
31.5,19.6,-16.251,-87.929,1.57,-59.34,-4.25,-68.91,-4.241,-68.901,22.501,7.851,21.087,-2.006,22.501,26.57,-5.15,-175.38,0.4912,4.72,1.02,3.129,6.583,7.289,0.0,0.011,0.517,0.0,0.04,0.05,MOVING
31.6,19.7,-16.551,-87.473,1.58,-59.37,-4.23,-68.92,-4.239,-68.933,22.255,8.561,20.543,-2.455,22.255,26.12,-5.151,177.89,0.4538,4.72,1.02,3.129,6.583,7.289,0.0,0.017,0.545,0.0,0.03,0.05,MOVING
31.7,19.8,-16.816,-86.994,1.58,-59.39,-4.22,-68.95,-4.235,-68.966,21.984,9.304,19.919,-2.713,21.984,25.62,-5.141,171.15,0.4758,4.72,1.02,3.129,6.583,7.289,0.0,0.017,0.578,0.0,0.03,0.05,MOVING
31.8,19.9,-17.048,-86.494,1.59,-59.41,-4.22,-68.98,-4.231,-68.998,21.688,10.031,19.229,-2.959,21.688,25.13,-5.212,164.43,0.4643,4.73,1.02,3.129,6.583,7.289,0.0,0.017,0.598,0.0,0.03,0.05,MOVING
31.9,20.0,-17.245,-86.015,1.6,-59.43,-4.22,-69.01,-4.228,-69.025,21.403,10.604,18.592,-2.851,21.403,24.66,-5.116,158.34,0.5159,4.73,1.02,3.129,6.583,7.289,0.0,0.017,0.604,0.0,0.03,0.05,MOVING
32.0,20.1,-17.395,-85.503,1.61,-59.44,-4.22,-69.04,-4.229,-69.048,21.074,11.744,17.499,-3.288,21.074,24.11,-5.163,150.57,0.5421,4.72,1.02,3.129,6.583,7.289,0.0,0.017,0.599,0.0,0.04,0.05,MOVING
32.1,20.2,-17.504,-84.991,1.61,-59.45,-4.22,-69.06,-4.23,-69.068,20.73,12.525,16.519,-3.44,20.73,23.58,-5.144,143.81,0.4943,4.72,1.02,3.129,6.583,7.289,0.0,0.016,0.585,0.0,0.04,0.05,MOVING
32.2,20.3,-17.593,-84.468,1.62,-59.46,-4.22,-69.07,-4.233,-69.106,20.359,12.892,15.757,-3.712,20.359,23.03,-5.123,137.3,0.473,4.71,1.01,3.129,6.583,7.289,0.0,0.033,0.575,0.0,0.04,0.05,MOVING
32.3,20.4,-17.634,-83.968,1.62,-59.47,-4.23,-69.11,-4.237,-69.143,19.981,13.365,14.853,-3.784,19.981,22.48,-4.983,130.32,0.5141,4.71,1.0,3.129,6.583,7.289,0.0,0.034,0.613,0.0,0.04,0.05,MOVING
32.4,20.5,-17.654,-83.445,1.63,-59.48,-4.23,-69.15,-4.242,-69.18,19.58,13.602,14.083,-4.011,19.58,21.9,-5.092,124.26,0.5163,4.7,1.0,3.129,6.583,7.289,0.0,0.035,0.638,0.0,0.04,0.05,MOVING
32.5,20.6,-17.64,-82.922,1.63,-59.48,-4.23,-69.18,-4.246,-69.217,19.164,13.886,13.207,-4.162,19.164,21.29,-5.133,118.12,0.5015,4.69,0.99,3.129,6.583,7.289,0.0,0.034,0.649,0.0,0.04,0.05,MOVING
32.6,20.7,-17.572,-82.41,1.64,-59.49,-4.24,-69.22,-4.249,-69.252,18.725,14.506,11.841,-4.385,18.725,20.69,-5.133,110.27,0.5097,4.68,0.98,3.129,6.583,7.289,0.0,0.033,0.648,0.0,0.04,0.05,MOVING
32.7,20.8,-17.484,-81.887,1.64,-59.5,-4.24,-69.26,-4.252,-69.286,18.272,14.521,11.09,-4.534,18.272,20.08,-5.172,105.17,0.4886,4.68,0.98,3.129,6.583,7.289,0.0,0.032,0.638,0.0,0.04,0.05,MOVING
32.8,20.9,-17.368,-81.375,1.65,-59.5,-4.24,-69.29,-4.255,-69.318,17.814,14.593,10.217,-4.579,17.814,19.47,-5.183,99.69,0.5099,4.67,0.97,3.129,6.583,7.289,0.0,0.03,0.621,0.0,0.04,0.05,MOVING
32.9,21.0,-17.204,-80.885,1.66,-59.51,-4.25,-69.32,-4.257,-69.348,17.342,14.864,8.933,-4.715,17.342,18.83,-5.169,92.91,0.5266,4.67,0.97,3.129,6.583,7.289,0.0,0.029,0.601,0.0,0.04,0.05,MOVING
33.0,21.1,-17.014,-80.385,1.66,-59.51,-4.25,-69.35,-4.25,-69.382,16.851,14.746,8.157,-4.91,16.851,18.2,-5.268,86.91,0.4709,4.67,0.97,3.129,6.583,7.289,0.0,0.032,0.62,0.0,0.04,0.05,MOVING
33.1,21.2,-16.789,-79.917,1.67,-59.52,-4.24,-69.38,-4.242,-69.417,16.361,14.732,7.117,-4.904,16.361,17.57,-5.083,80.01,0.4676,4.68,0.98,3.129,6.583,7.289,0.0,0.032,0.641,0.0,0.03,0.05,MOVING
33.2,21.3,-16.523,-79.461,1.68,-59.52,-4.23,-69.42,-4.234,-69.451,15.85,14.715,5.889,-5.107,15.85,16.93,-5.215,72.58,0.51,4.68,0.98,3.129,6.583,7.289,0.0,0.032,0.653,0.0,0.04,0.05,MOVING
33.3,21.4,-16.231,-79.005,1.68,-59.52,-4.23,-69.45,-4.228,-69.483,15.321,14.438,5.126,-5.292,15.321,16.26,-5.395,67.07,0.5212,4.69,0.98,3.129,6.583,7.289,0.0,0.031,0.652,0.0,0.04,0.05,MOVING
33.4,21.5,-15.904,-78.604,1.69,-59.53,-4.22,-69.48,-4.223,-69.513,14.802,14.275,3.912,-5.193,14.802,15.63,-5.207,60.02,0.5136,4.69,0.99,3.129,6.583,7.289,0.0,0.03,0.642,0.0,0.04,0.05,MOVING
33.5,21.6,-15.529,-78.204,1.69,-59.53,-4.22,-69.51,-4.217,-69.542,14.247,13.992,2.682,-5.545,14.247,14.97,-5.355,53.09,0.4685,4.69,0.99,3.129,6.583,7.289,0.0,0.028,0.625,0.0,0.04,0.05,MOVING
33.6,21.7,-15.148,-77.825,1.7,-59.53,-4.21,-69.54,-4.21,-69.569,13.704,13.555,2.014,-5.436,13.704,14.3,-5.339,48.3,0.481,4.7,0.99,3.129,6.583,7.289,0.0,0.027,0.605,0.0,0.04,0.05,MOVING
33.7,21.8,-14.739,-77.48,1.71,-59.54,-4.2,-69.57,-4.202,-69.595,13.161,13.105,1.209,-5.431,13.161,13.67,-5.303,43.08,0.449,4.7,1.0,3.129,6.583,7.289,0.0,0.025,0.582,0.0,0.04,0.05,MOVING
33.8,21.9,-14.303,-77.147,1.72,-59.54,-4.19,-69.59,-4.191,-69.605,12.614,12.61,0.346,-5.462,12.614,13.02,-5.363,36.39,0.4521,4.71,1.01,3.129,6.583,7.289,0.0,0.011,0.594,0.0,0.04,0.05,MOVING
33.9,22.0,-13.847,-76.868,1.72,-59.54,-4.18,-69.6,-4.181,-69.616,12.084,12.067,-0.646,-5.3,12.084,12.41,-5.365,29.32,0.5065,4.72,1.02,3.129,6.583,7.289,0.0,0.011,0.605,0.0,0.04,0.05,MOVING
34.0,22.1,-13.384,-76.612,1.73,-59.54,-4.17,-69.61,-4.172,-69.625,11.562,11.486,-1.325,-5.224,11.562,11.8,-5.247,23.7,0.4292,4.73,1.03,3.129,6.583,7.289,0.0,0.011,0.61,0.0,0.04,0.05,MOVING
34.1,22.2,-12.9,-76.401,1.74,-59.54,-4.17,-69.62,-4.162,-69.634,11.052,10.858,-2.06,-5.103,11.052,11.22,-5.231,17.81,0.4238,4.74,1.04,3.129,6.583,7.289,0.0,0.01,0.605,0.0,0.04,0.05,MOVING
34.2,22.3,-12.41,-76.201,1.74,-59.54,-4.15,-69.63,-4.152,-69.643,10.545,10.235,-2.54,-5.064,10.545,10.65,-5.233,13.12,0.4464,4.75,1.05,3.129,6.583,7.289,0.0,0.01,0.592,0.0,0.04,0.05,MOVING
34.3,22.4,-11.919,-76.056,1.75,-59.54,-4.14,-69.64,-4.142,-69.65,10.076,9.544,-3.229,-4.696,10.076,10.13,-5.081,7.49,0.4569,4.76,1.05,3.129,6.583,7.289,0.0,0.01,0.575,0.0,0.04,0.05,MOVING
34.4,22.5,-11.381,-75.934,1.76,-59.54,-4.14,-69.65,-4.134,-69.657,9.587,8.661,-4.112,-4.883,9.587,9.58,-5.349,0.4,0.5034,4.76,1.06,3.129,6.583,7.289,0.0,0.009,0.555,0.0,0.04,0.05,MOVING
34.5,22.6,-10.863,-75.867,1.76,-59.54,-4.13,-69.66,-4.126,-69.664,9.158,7.819,-4.768,-4.293,9.158,9.1,-5.182,-5.44,0.4599,4.77,1.07,3.129,6.583,7.289,0.0,0.008,0.533,0.0,0.04,0.05,MOVING
34.6,22.7,-10.339,-75.845,1.77,-59.54,-4.12,-69.66,-4.132,-69.645,8.772,6.866,-5.46,-3.858,8.772,8.68,-5.218,-13.03,0.4572,4.77,1.06,3.129,6.583,7.289,0.0,0.02,0.538,0.0,0.04,0.05,MOVING
34.7,22.8,-9.801,-75.867,1.77,-59.54,-4.13,-69.64,-4.139,-69.627,8.426,5.796,-6.116,-3.46,8.426,8.29,-5.296,-20.76,0.4924,4.76,1.06,3.129,6.583,7.289,0.0,0.02,0.546,0.0,0.04,0.05,MOVING
34.8,22.9,-9.263,-75.911,1.78,-59.54,-4.13,-69.62,-4.145,-69.608,8.119,4.789,-6.556,-3.071,8.119,7.94,-5.313,-27.23,0.4748,4.76,1.06,3.129,6.583,7.289,0.0,0.02,0.551,0.0,0.04,0.05,MOVING
34.9,23.0,-8.732,-75.989,1.78,-59.54,-4.14,-69.61,-4.151,-69.59,7.869,3.813,-6.884,-2.497,7.869,7.66,-5.274,-33.11,0.4796,4.75,1.05,3.129,6.583,7.289,0.0,0.019,0.547,0.0,0.04,0.05,MOVING
35.0,23.1,-8.207,-76.089,1.79,-59.54,-4.15,-69.59,-4.156,-69.572,7.673,2.878,-7.113,-1.959,7.673,7.43,-5.281,-38.34,0.4103,4.75,1.05,3.129,6.583,7.289,0.0,0.018,0.536,0.0,0.04,0.05,MOVING
35.1,23.2,-7.696,-76.245,1.8,-59.54,-4.15,-69.57,-4.16,-69.555,7.568,1.8,-7.35,-1.059,7.568,7.29,-5.257,-44.6,0.4399,4.75,1.04,3.129,6.583,7.289,0.0,0.017,0.52,0.0,0.04,0.05,MOVING
35.2,23.3,-7.172,-76.423,1.8,-59.54,-4.15,-69.55,-4.164,-69.538,7.514,0.871,-7.463,-0.535,7.514,7.2,-5.466,-49.24,0.4512,4.74,1.04,3.129,6.583,7.289,0.0,0.016,0.5,0.0,0.04,0.05,MOVING
35.3,23.4,-6.668,-76.646,1.81,-59.54,-4.16,-69.53,-4.204,-69.498,7.56,-0.269,-7.555,0.462,7.56,7.21,-5.407,-56.26,0.442,4.71,1.01,3.129,6.583,7.289,0.0,0.057,0.507,0.0,0.04,0.05,MOVING
35.4,23.5,-6.178,-76.902,1.81,-59.53,-4.2,-69.49,-4.243,-69.459,7.69,-1.367,-7.568,1.302,7.69,7.3,-5.383,-62.71,0.4532,4.67,0.97,3.129,6.583,7.289,0.0,0.057,0.517,0.0,0.04,0.05,MOVING
35.5,23.6,-5.701,-77.191,1.82,-59.53,-4.24,-69.45,-4.281,-69.418,7.902,-2.494,-7.498,2.112,7.902,7.45,-5.43,-69.15,0.428,4.64,0.94,3.129,6.583,7.289,0.0,0.057,0.529,0.0,0.04,0.05,MOVING
35.6,23.7,-5.251,-77.514,1.83,-59.53,-4.28,-69.41,-4.319,-69.378,8.189,-3.656,-7.328,2.876,8.189,7.69,-5.452,-75.85,0.4621,4.6,0.9,3.129,6.583,7.289,0.0,0.056,0.53,0.0,0.04,0.05,MOVING
35.7,23.8,-4.809,-77.881,1.83,-59.52,-4.31,-69.37,-4.356,-69.339,8.554,-4.851,-7.045,3.646,8.554,7.99,-5.591,-82.48,0.4493,4.57,0.87,3.129,6.583,7.289,0.0,0.054,0.522,0.0,0.04,0.05,MOVING
35.8,23.9,-4.407,-78.27,1.84,-59.52,-4.35,-69.33,-4.391,-69.302,8.968,-5.895,-6.759,4.143,8.968,8.33,-5.501,-88.19,0.4541,4.54,0.84,3.129,6.583,7.289,0.0,0.051,0.508,0.0,0.04,0.05,MOVING
35.9,24.0,-4.025,-78.704,1.85,-59.52,-4.39,-69.3,-4.424,-69.266,9.446,-7.136,-6.19,4.781,9.446,8.73,-5.614,-95.64,0.4784,4.51,0.81,3.129,6.583,7.289,0.0,0.048,0.488,0.0,0.04,0.05,MOVING
36.0,24.1,-3.678,-79.161,1.85,-59.51,-4.42,-69.26,-4.509,-69.222,9.973,-8.258,-5.593,5.27,9.973,9.17,-5.597,-103.11,0.5343,4.43,0.73,3.129,6.583,7.289,0.0,0.099,0.497,0.0,0.03,0.05,MOVING
36.1,24.2,-3.365,-79.65,1.86,-59.51,-4.5,-69.22,-4.595,-69.177,10.545,-9.351,-4.874,5.718,10.545,9.65,-5.64,-110.57,0.4755,4.35,0.65,3.129,6.583,7.289,0.0,0.099,0.509,0.0,0.04,0.05,MOVING
36.2,24.3,-3.085,-80.14,1.86,-59.5,-4.59,-69.17,-4.682,-69.132,11.123,-10.297,-4.206,5.78,11.123,10.12,-5.551,-117.03,0.5285,4.26,0.56,3.129,6.583,7.289,0.0,0.099,0.524,0.0,0.03,0.05,MOVING
36.3,24.4,-2.84,-80.652,1.87,-59.5,-4.68,-69.13,-4.767,-69.087,11.724,-11.181,-3.526,6.01,11.724,10.61,-5.572,-123.14,0.5352,4.18,0.48,3.129,6.583,7.289,0.0,0.097,0.526,0.0,0.04,0.05,MOVING
36.4,24.5,-2.622,-81.175,1.88,-59.49,-4.76,-69.08,-4.849,-69.043,12.334,-12.019,-2.773,6.103,12.334,11.11,-5.529,-129.11,0.5772,4.11,0.4,3.129,6.583,7.289,0.0,0.093,0.518,0.0,0.03,0.05,MOVING
36.5,24.6,-2.459,-81.72,1.88,-59.48,-4.85,-69.03,-4.926,-69.0,12.957,-12.867,-1.521,6.226,12.957,11.61,-5.54,-137.18,0.5563,4.03,0.33,3.129,6.583,7.289,0.0,0.088,0.5,0.0,0.03,0.05,MOVING
36.6,24.7,-2.336,-82.243,1.89,-59.48,-4.92,-68.99,-5.057,-68.974,13.545,-13.534,-0.561,5.881,13.545,12.07,-5.285,-144.34,0.5394,3.9,0.2,3.129,6.583,7.289,0.0,0.136,0.478,0.0,0.03,0.05,MOVING
36.7,24.8,-2.248,-82.799,1.9,-59.47,-5.05,-68.96,-5.191,-68.945,14.163,-14.155,0.491,6.18,14.163,12.57,-5.41,-151.59,0.5503,3.77,0.07,3.129,6.583,7.289,0.0,0.139,0.501,0.0,0.03,0.05,MOVING
36.8,24.9,-2.193,-83.333,1.9,-59.45,-5.19,-68.93,-5.328,-68.915,14.755,-14.68,1.483,5.918,14.755,13.03,-5.334,-158.2,0.5226,3.64,0.06,3.129,6.583,7.289,0.0,0.142,0.521,0.0,0.03,0.05,MOVING
36.9,25.0,-2.186,-83.879,1.91,-59.44,-5.32,-68.9,-5.462,-68.884,15.348,-15.069,2.914,5.933,15.348,13.49,-5.258,-166.12,0.561,3.51,0.19,3.129,6.583,7.289,0.0,0.139,0.525,0.0,0.03,0.05,MOVING
37.0,25.1,-2.227,-84.424,1.92,-59.43,-5.46,-68.87,-5.593,-68.854,15.929,-15.391,4.106,5.81,15.929,13.94,-5.313,-172.84,0.6423,3.38,0.32,3.129,6.583,7.289,0.0,0.134,0.516,0.0,0.03,0.05,MOVING
37.1,25.2,-2.295,-84.958,1.92,-59.42,-5.59,-68.84,-5.716,-68.827,16.49,-15.643,5.215,5.606,16.49,14.35,-5.345,-179.07,0.5211,3.26,0.44,3.129,6.583,7.289,0.0,0.126,0.498,0.0,0.03,0.05,MOVING
37.2,25.3,-2.418,-85.481,1.93,-59.41,-5.71,-68.82,-5.884,-68.84,16.998,-15.564,6.832,5.078,16.998,14.73,-5.309,172.17,0.568,3.09,0.61,3.129,6.583,7.289,0.0,0.171,0.485,0.0,0.03,0.05,MOVING
37.3,25.4,-2.554,-85.993,1.93,-59.4,-5.88,-68.83,-6.058,-68.855,17.493,-15.686,7.743,4.95,17.493,15.08,-5.169,166.18,0.5283,2.92,0.78,3.129,6.583,7.289,0.0,0.176,0.509,0.0,0.03,0.05,MOVING
37.4,25.5,-2.731,-86.494,1.93,-59.39,-6.06,-68.84,-6.233,-68.868,17.97,-15.616,8.891,4.775,17.97,15.43,-5.205,159.48,0.5144,2.74,0.96,3.129,6.583,7.289,0.0,0.177,0.524,0.0,0.03,0.05,MOVING
37.5,25.6,-2.942,-86.983,1.94,-59.37,-6.23,-68.85,-6.404,-68.878,18.433,-15.44,10.069,4.624,18.433,15.75,-5.207,152.71,0.5963,2.57,1.13,3.129,6.583,7.289,0.0,0.172,0.523,0.0,0.03,0.05,MOVING
37.6,25.7,-3.201,-87.462,1.94,-59.36,-6.41,-68.86,-6.568,-68.888,18.877,-15.044,11.403,4.442,18.877,16.05,-5.256,145.51,0.5852,2.41,1.29,3.129,6.583,7.289,0.0,0.164,0.51,0.0,0.03,0.05,MOVING
37.7,25.8,-3.474,-87.907,1.94,-59.34,-6.57,-68.87,-6.615,-69.068,19.099,-14.662,12.239,2.219,19.099,16.17,-5.164,136.22,0.4835,2.34,1.36,3.129,6.583,7.289,0.0,0.2,0.5,0.0,0.03,0.05,MOVING
37.8,25.9,-3.787,-88.33,1.94,-59.33,-6.62,-69.05,-6.803,-69.132,19.433,-14.155,13.315,3.346,19.433,16.39,-5.156,129.08,0.6186,2.15,1.55,3.129,6.583,7.289,0.0,0.2,0.518,0.0,0.03,0.05,MOVING
37.9,26.0,-4.134,-88.752,1.94,-59.32,-6.81,-69.12,-6.992,-69.196,19.764,-13.623,14.319,3.305,19.764,16.58,-5.297,122.29,0.5779,1.96,1.74,3.129,6.583,7.289,0.0,0.2,0.525,0.0,0.03,0.05,MOVING
38.0,26.1,-4.502,-89.153,1.94,-59.3,-7.0,-69.18,-7.182,-69.259,20.074,-13.009,15.288,3.098,20.074,16.77,-5.239,115.67,0.5348,1.76,1.79,3.129,6.583,7.289,0.0,0.2,0.517,0.0,0.03,0.05,MOVING
38.1,26.2,-4.911,-89.531,1.94,-59.28,-7.19,-69.24,-7.364,-69.317,20.363,-12.335,16.202,2.895,20.363,16.93,-5.421,109.2,0.5594,1.58,1.7,3.129,6.583,7.289,0.0,0.189,0.498,0.0,0.03,0.05,MOVING
38.2,26.3,-5.347,-89.865,1.94,-59.27,-7.37,-69.3,-7.527,-69.427,20.554,-11.386,17.113,1.914,20.554,17.02,-5.361,101.23,0.6496,1.4,1.57,3.129,6.583,7.289,0.0,0.2,0.487,0.0,0.03,0.05,MOVING
38.3,26.4,-5.796,-90.177,1.94,-59.25,-7.53,-69.41,-7.692,-69.538,20.726,-10.549,17.84,1.711,20.726,17.07,-5.371,93.94,0.616,1.23,1.43,3.129,6.583,7.289,0.0,0.2,0.515,0.0,0.03,0.05,MOVING
38.4,26.5,-6.3,-90.466,1.93,-59.23,-7.7,-69.52,-7.86,-69.645,20.88,-9.599,18.542,1.541,20.88,17.13,-5.554,86.65,0.5884,1.05,1.29,3.129,6.583,7.289,0.0,0.2,0.525,0.0,0.03,0.05,MOVING
38.5,26.6,-6.818,-90.722,1.92,-59.21,-7.88,-69.62,-8.034,-69.745,21.012,-8.621,19.162,1.326,21.012,17.15,-5.457,79.64,0.5337,0.87,1.16,3.129,6.583,7.289,0.0,0.2,0.519,0.0,0.03,0.05,MOVING
38.6,26.7,-7.356,-90.956,1.91,-59.18,-8.05,-69.72,-8.211,-69.845,21.128,-7.992,19.559,1.162,21.128,17.16,-5.523,74.05,0.5686,0.69,1.04,3.129,6.583,7.289,0.0,0.2,0.502,0.0,0.03,0.05,MOVING
38.7,26.8,-7.928,-91.134,1.9,-59.14,-8.24,-69.81,-8.356,-69.976,21.162,-6.856,20.021,0.333,21.162,17.11,-5.52,65.96,0.5443,0.53,0.92,3.129,6.583,7.289,0.0,0.2,0.487,0.0,0.03,0.05,MOVING
38.8,26.9,-8.507,-91.29,1.87,-59.09,-8.39,-69.94,-8.51,-70.102,21.187,-5.872,20.357,0.254,21.187,17.05,-5.518,58.7,0.5529,0.36,0.81,3.129,6.583,7.289,0.0,0.2,0.515,0.0,0.03,0.05,MOVING
38.9,27.0,-9.134,-91.401,1.85,-59.05,-8.55,-70.07,-8.667,-70.23,21.176,-4.831,20.617,-0.114,21.176,16.95,-5.762,51.32,0.584,0.2,0.7,3.129,6.583,7.289,0.0,0.2,0.525,0.0,0.03,0.05,MOVING
39.0,27.1,-9.746,-91.468,1.82,-59.01,-8.7,-70.2,-8.822,-70.363,21.125,-3.83,20.775,-0.506,21.125,16.83,-5.777,44.44,0.5285,0.03,0.59,3.129,6.583,7.289,0.0,0.2,0.519,0.0,0.03,0.05,MOVING
39.1,27.2,-10.4,-91.49,1.8,-58.97,-8.86,-70.34,-8.975,-70.5,21.038,-2.841,20.846,-0.867,21.038,16.68,-6.045,37.88,0.4614,0.13,0.47,3.129,6.583,7.289,0.0,0.2,0.502,0.0,0.03,0.05,MOVING
39.2,27.3,-11.047,-91.468,1.74,-58.9,-9.06,-70.45,-9.176,-70.608,20.943,-1.856,20.861,-0.951,20.943,16.52,-4.939,31.76,0.4011,0.34,0.39,3.129,6.583,7.289,0.0,0.2,0.481,0.0,0.04,0.05,MOVING
39.3,27.4,-11.715,-91.423,1.65,-58.79,-9.29,-70.54,-9.357,-70.728,20.829,-1.445,20.778,-1.147,20.829,16.35,-5.493,26.48,0.4569,0.53,0.29,3.129,6.583,7.289,0.0,0.2,0.497,0.0,0.03,0.05,MOVING
39.4,27.5,-12.376,-91.334,1.54,-58.68,-9.49,-70.66,-9.559,-70.845,20.681,-0.601,20.673,-1.473,20.681,16.14,-4.727,20.14,0.4405,0.75,0.2,3.129,6.583,7.289,0.0,0.2,0.517,0.0,0.04,0.05,MOVING
39.5,27.6,-13.05,-91.2,1.38,-58.53,-9.76,-70.75,-9.823,-70.94,20.516,0.119,20.515,-1.658,20.516,15.94,-4.336,14.82,0.2902,1.02,0.14,3.129,6.583,7.289,0.0,0.2,0.524,0.0,0.04,0.05,MOVING
39.6,27.7,-13.731,-91.056,1.16,-58.33,-10.1,-70.82,-10.162,-71.011,20.36,0.532,20.353,-1.558,20.36,15.73,-3.455,10.91,0.282,1.36,0.11,3.129,6.583,7.289,0.0,0.2,0.525,0.0,0.04,0.05,MOVING
39.7,27.8,-14.419,-90.878,0.8,-58.02,-10.6,-70.84,-10.663,-71.026,20.204,0.96,20.181,-1.561,20.204,15.53,-1.149,7.76,0.2295,1.86,0.15,3.129,6.583,7.289,0.0,0.2,0.521,0.0,0.04,0.05,MOVING
39.8,27.9,-15.134,-90.689,0.27,-57.6,-11.3,-70.79,-11.365,-70.975,20.07,1.275,20.03,-1.332,20.07,15.34,0.347,5.93,0.1344,2.56,0.29,3.129,6.583,7.289,0.0,0.2,0.518,0.0,0.04,0.05,MOVING
39.9,28.0,-15.842,-90.466,-0.37,-57.1,-12.13,-70.69,-12.197,-70.883,19.919,2.248,19.792,-1.509,19.919,15.14,1.261,3.07,0.062,3.38,0.66,3.129,6.583,7.289,0.0,0.2,0.517,0.0,0.04,0.05,MOVING
40.0,28.1,-16.564,-90.221,-1.13,-56.52,-13.09,-70.56,-13.155,-70.747,19.77,2.915,19.554,-1.491,19.77,14.94,2.713,1.69,0.091,4.32,1.18,3.129,6.583,7.289,0.0,0.2,0.517,0.001,0.04,0.05,MOVING
40.1,28.2,-17.3,-89.965,-1.93,-55.91,-14.11,-70.4,-14.171,-70.589,19.627,3.277,19.352,-1.43,19.627,14.75,2.197,1.42,0.0351,5.32,1.74,3.129,6.583,7.289,0.0,0.2,0.517,0.001,0.04,0.05,MOVING
40.2,28.3,-18.022,-89.709,-2.65,-55.37,-15.01,-70.28,-15.079,-70.467,19.466,3.63,19.125,-1.61,19.466,14.55,0.338,1.06,0.0491,6.21,2.23,3.129,6.583,7.289,0.0,0.2,0.519,0.001,0.04,0.05,MOVING
40.3,28.4,-18.771,-89.442,-3.14,-55.0,-15.65,-70.25,-15.718,-70.439,19.247,3.532,18.92,-2.192,19.247,14.3,-3.695,1.3,0.0488,6.84,2.53,3.129,6.583,7.289,0.0,0.2,0.522,0.001,0.05,0.05,MOVING
40.4,28.5,-19.527,-89.164,-3.37,-54.82,-15.99,-70.33,-16.06,-70.52,18.963,3.113,18.706,-2.837,18.963,14.01,-6.339,1.62,0.0181,7.19,2.65,3.129,6.583,7.289,0.0,0.2,0.525,0.003,0.06,0.05,MOVING
40.5,28.6,-20.29,-88.886,-3.55,-54.68,-16.27,-70.44,-16.335,-70.626,18.684,2.544,18.51,-2.798,18.684,13.72,-5.3,1.95,0.0111,7.44,2.75,3.129,6.583,7.289,0.0,0.2,0.527,0.003,0.05,0.05,MOVING
40.6,28.7,-21.073,-88.586,-3.69,-54.57,-16.5,-70.56,-16.567,-70.746,18.4,2.073,18.283,-2.838,18.4,13.43,-7.579,1.86,0.0413,7.38,2.81,3.129,6.583,7.289,0.0,0.199,0.53,0.003,0.06,0.05,MOVING
40.7,28.8,-21.87,-88.285,-3.86,-54.43,-16.77,-70.66,-16.838,-70.848,18.149,1.35,18.098,-2.51,18.149,13.17,-4.796,2.64,0.0612,7.36,2.92,3.129,6.583,7.289,0.0,0.199,0.537,0.001,0.05,0.05,MOVING
40.8,28.9,-22.667,-87.985,-4.23,-54.13,-17.27,-70.66,-17.338,-70.848,17.946,1.076,17.914,-2.029,17.946,12.94,-2.733,2.69,0.014,7.52,3.25,3.129,6.583,7.289,0.0,0.198,0.544,0.001,0.04,0.05,MOVING
40.9,29.0,-23.484,-87.684,-4.69,-53.75,-17.88,-70.61,-17.95,-70.796,17.772,0.631,17.76,-1.743,17.772,12.74,-2.596,3.52,0.002,7.81,3.7,3.129,6.583,7.289,0.0,0.198,0.552,0.001,0.04,0.05,MOVING
41.0,29.1,-24.308,-87.362,-5.32,-53.23,-18.71,-70.46,-18.772,-70.651,17.604,0.834,17.584,-1.674,17.604,12.54,1.541,2.65,0.001,8.29,4.36,3.129,6.583,7.289,0.0,0.197,0.562,0.001,0.04,0.05,MOVING
41.1,29.2,-25.153,-87.039,-6.21,-52.48,-19.84,-70.19,-19.903,-70.371,17.475,0.947,17.45,-1.288,17.475,12.37,3.879,3.01,0.0176,9.01,5.32,3.129,6.583,7.289,0.0,0.197,0.573,0.0,0.04,0.05,MOVING
41.2,29.3,-26.011,-86.727,-7.23,-51.63,-21.12,-69.84,-21.183,-70.031,17.38,1.308,17.331,-0.953,17.38,12.22,4.486,2.95,0.0376,9.85,6.43,3.129,6.583,7.289,0.0,0.2,0.59,0.001,0.04,0.05,MOVING
41.3,29.4,-26.876,-86.393,-8.36,-50.69,-22.54,-69.44,-22.546,-69.584,17.359,1.977,17.246,-0.215,17.359,12.13,6.684,1.51,0.0247,10.83,7.71,3.129,6.583,7.289,0.0,0.139,0.622,0.0,0.04,0.05,MOVING
41.4,29.5,-27.741,-86.071,-9.51,-49.73,-23.93,-69.01,-23.939,-69.138,17.354,2.405,17.186,-0.047,17.354,12.05,4.811,0.98,0.0777,11.91,9.05,3.129,6.583,7.289,0.0,0.127,0.565,0.0,0.04,0.05,MOVING
41.5,29.6,-28.633,-85.726,-10.65,-48.79,-25.31,-68.6,-25.317,-68.729,17.317,2.904,17.072,-0.371,17.317,11.95,5.874,0.21,0.0108,13.03,10.4,3.129,6.583,7.289,0.0,0.134,0.592,0.0,0.04,0.05,MOVING
41.6,29.7,-29.539,-85.403,-11.83,-47.82,-26.75,-68.19,-26.755,-68.325,17.303,3.196,17.006,-0.134,17.303,11.86,5.579,0.3,0.0004,14.24,10.64,3.129,6.583,7.289,0.0,0.14,0.619,0.0,0.06,0.05,MOVING
41.7,29.8,-30.445,-85.069,-13.19,-46.7,-28.41,-67.72,-28.42,-67.864,17.324,4.093,16.833,0.201,17.324,11.79,10.415,-0.88,0.0595,15.69,10.75,3.129,6.583,7.289,0.0,0.149,0.653,0.0,0.05,0.05,MOVING
41.8,29.9,-31.351,-84.735,-14.75,-45.41,-30.33,-67.19,-30.341,-67.344,17.421,5.073,16.666,0.974,17.421,11.79,10.786,-1.45,0.0382,17.35,10.87,3.129,6.583,7.289,0.0,0.157,0.687,0.0,0.04,0.05,MOVING
41.9,30.0,-32.257,-84.424,-16.39,-44.05,-32.35,-66.66,-32.367,-66.821,17.604,6.01,16.546,1.826,17.604,11.83,12.57,-1.4,0.0613,18.05,10.96,3.129,6.583,7.289,0.0,0.163,0.717,0.0,0.04,0.05,MOVING
42.0,30.1,-33.203,-84.079,-17.94,-42.78,-34.28,-66.19,-34.291,-66.361,17.751,6.877,16.365,1.476,17.751,11.86,8.073,-1.68,0.0124,18.1,11.02,3.129,6.583,7.289,0.0,0.168,0.743,0.0,0.04,0.05,MOVING
42.1,30.2,-34.157,-83.767,-19.18,-41.76,-35.81,-65.88,-35.828,-66.047,17.799,7.148,16.3,0.474,17.799,11.81,3.829,-1.09,0.0333,18.1,11.01,3.129,6.583,7.289,0.0,0.172,0.763,0.0,0.06,0.05,MOVING
42.2,30.3,-35.131,-83.445,-20.3,-40.84,-37.22,-65.62,-37.231,-65.789,17.78,7.416,16.159,-0.19,17.78,11.71,4.925,-1.07,0.061,18.06,10.98,3.129,6.583,7.289,0.0,0.173,0.779,0.0,0.05,0.05,MOVING
42.3,30.4,-36.112,-83.122,-21.38,-39.95,-38.56,-65.38,-38.578,-65.559,17.736,7.989,15.834,-0.441,17.736,11.61,2.408,-2.18,0.1048,18.01,10.93,3.129,6.583,7.289,0.0,0.176,0.8,0.0,0.05,0.05,MOVING
42.4,30.5,-37.106,-82.788,-22.39,-39.12,-39.83,-65.18,-39.845,-65.329,17.672,8.249,15.629,-0.633,17.672,11.49,3.01,-2.41,0.0478,17.98,10.9,3.129,6.583,7.289,0.0,0.148,0.683,0.0,0.05,0.05,MOVING
42.5,30.6,-38.121,-82.488,-23.45,-38.23,-41.17,-64.94,-41.18,-65.084,17.671,8.029,15.741,-0.015,17.671,11.41,3.5,-0.75,0.0386,17.95,10.86,3.129,6.583,7.289,0.0,0.147,0.688,0.0,0.05,0.05,MOVING
42.6,30.7,-39.143,-82.176,-24.48,-37.37,-42.47,-64.71,-42.483,-64.853,17.642,8.169,15.637,-0.285,17.642,11.32,2.129,-0.67,0.12,17.91,10.82,3.129,6.583,7.289,0.0,0.147,0.691,0.0,0.05,0.05,MOVING
42.7,30.8,-40.164,-81.853,-25.49,-36.53,-43.74,-64.49,-43.755,-64.636,17.588,8.559,15.365,-0.543,17.588,11.2,2.671,-1.54,0.0257,17.86,10.77,3.129,6.583,7.289,0.0,0.146,0.693,0.0,0.05,0.05,MOVING
42.8,30.9,-41.22,-81.542,-26.63,-35.58,-45.19,-64.23,-45.202,-64.374,17.624,8.846,15.243,0.359,17.624,11.15,5.403,-1.47,0.0349,17.82,10.74,3.129,6.583,7.289,0.0,0.144,0.694,0.0,0.05,0.05,MOVING
42.9,31.0,-42.282,-81.241,-28.11,-34.34,-47.06,-63.86,-47.073,-63.999,17.895,9.353,15.256,2.714,17.895,11.25,11.137,-0.69,0.0866,17.8,10.72,3.129,6.583,7.289,0.0,0.143,0.694,0.0,0.04,0.05,MOVING
43.0,31.1,-43.352,-80.941,-29.66,-33.04,-49.02,-63.47,-49.034,-63.607,18.242,10.121,15.177,3.466,18.242,11.38,7.102,-0.45,0.0428,17.79,10.7,3.129,6.583,7.289,0.0,0.142,0.693,0.0,0.04,0.05,MOVING
43.1,31.2,-44.435,-80.629,-31.24,-31.72,-51.03,-63.07,-51.039,-63.21,18.63,11.18,14.902,3.88,18.63,11.54,11.818,-1.21,0.0109,17.77,10.68,3.129,6.583,7.289,0.0,0.14,0.691,0.0,0.04,0.05,MOVING
43.2,31.3,-45.524,-80.351,-33.11,-30.16,-53.4,-62.58,-53.411,-62.721,19.314,12.058,15.087,6.837,19.314,11.89,14.491,0.17,0.015,17.76,10.68,3.129,6.583,7.289,0.0,0.139,0.687,0.0,0.05,0.05,MOVING
43.3,31.4,-46.628,-80.062,-35.04,-28.55,-55.84,-62.09,-55.855,-62.222,20.085,13.493,14.878,7.717,20.085,12.28,13.091,-0.36,0.0238,17.75,10.67,3.129,6.583,7.289,0.0,0.137,0.682,0.0,0.05,0.05,MOVING
43.4,31.5,-47.731,-79.773,-36.56,-27.28,-57.77,-61.73,-57.783,-61.861,20.539,14.207,14.834,4.54,20.539,12.46,3.677,-0.16,0.0186,17.71,10.62,3.129,6.583,7.289,0.0,0.135,0.677,0.0,0.05,0.05,MOVING
43.5,31.6,-48.862,-79.483,-37.59,-26.43,-59.08,-61.53,-59.094,-61.692,20.524,14.343,14.68,-0.154,20.524,12.37,-0.067,-0.33,0.031,17.61,10.52,3.129,6.583,7.289,0.0,0.162,0.814,0.0,0.07,0.05,MOVING
43.6,31.7,-49.999,-79.194,-38.68,-25.52,-60.48,-61.34,-60.493,-61.501,20.57,14.579,14.512,0.465,20.57,12.31,5.204,-0.46,0.0317,17.51,10.42,3.129,6.583,7.289,0.0,0.158,0.809,0.0,0.05,0.05,MOVING
43.7,31.8,-51.137,-78.905,-39.86,-24.54,-61.98,-61.13,-61.995,-61.286,20.696,14.811,14.454,1.252,20.696,12.3,1.991,-0.25,0.0128,17.41,10.33,3.129,6.583,7.289,0.0,0.155,0.804,0.0,0.06,0.05,MOVING
43.8,31.9,-52.274,-78.626,-40.81,-23.75,-63.2,-60.99,-63.213,-61.142,20.624,14.796,14.368,-0.715,20.624,12.17,-0.713,-0.11,0.014,17.3,10.22,3.129,6.583,7.289,0.0,0.152,0.8,0.0,0.06,0.05,MOVING
43.9,32.0,-53.418,-78.337,-41.71,-23.0,-64.35,-60.86,-64.369,-61.012,20.496,14.856,14.12,-1.285,20.496,12.01,0.634,-0.46,0.0266,17.19,10.11,3.129,6.583,7.289,0.0,0.15,0.799,0.0,0.05,0.05,MOVING
44.0,32.1,-54.569,-78.07,-42.62,-22.24,-65.52,-60.73,-65.538,-60.878,20.393,14.697,14.138,-1.026,20.393,11.87,-0.532,0.03,0.0241,17.09,10.0,3.129,6.583,7.289,0.0,0.147,0.798,0.0,0.06,0.05,MOVING
44.1,32.2,-55.707,-77.781,-43.49,-21.52,-66.63,-60.61,-66.646,-60.757,20.235,14.66,13.948,-1.577,20.235,11.7,-0.588,-0.1,0.0092,16.98,9.89,3.129,6.583,7.289,0.0,0.145,0.797,0.0,0.06,0.05,MOVING
44.2,32.3,-56.858,-77.514,-44.34,-20.81,-67.73,-60.5,-67.725,-60.642,20.069,14.43,13.947,-1.664,20.069,11.53,-0.702,0.11,0.0345,16.87,9.79,3.129,6.583,7.289,0.0,0.146,0.796,0.0,0.05,0.05,MOVING
44.3,32.4,-58.016,-77.258,-45.18,-20.1,-68.8,-60.39,-68.797,-60.53,19.901,14.278,13.863,-1.679,19.901,11.35,-0.884,-0.04,0.0551,16.76,9.73,3.129,6.583,7.289,0.0,0.142,0.785,0.0,0.05,0.05,MOVING
44.4,32.5,-59.174,-76.968,-45.89,-19.5,-69.7,-60.32,-69.7,-60.463,19.576,14.077,13.603,-3.252,19.576,11.09,-4.328,-0.65,0.0607,16.65,9.67,3.129,6.583,7.289,0.0,0.143,0.793,0.001,0.07,0.05,MOVING
44.5,32.6,-60.338,-76.713,-46.33,-19.13,-70.26,-60.33,-70.26,-60.453,19.047,13.242,13.691,-5.284,19.047,10.72,-7.969,0.15,0.0984,16.56,9.6,3.129,6.583,7.289,0.0,0.118,0.656,0.0,0.09,0.05,MOVING
44.6,32.7,-61.51,-76.445,-46.85,-18.69,-70.92,-60.3,-70.92,-60.419,18.585,12.753,13.519,-4.627,18.585,10.39,-2.386,-0.11,0.0392,16.5,9.54,3.129,6.583,7.289,0.0,0.118,0.661,0.0,0.05,0.05,MOVING
44.7,32.8,-62.668,-76.19,-47.51,-18.13,-71.76,-60.23,-71.761,-60.344,18.27,12.397,13.42,-3.151,18.27,10.14,-4.28,0.02,0.0854,16.46,9.5,3.129,6.583,7.289,0.0,0.119,0.667,0.0,0.06,0.05,MOVING
44.8,32.9,-63.839,-75.911,-48.13,-17.58,-72.57,-60.16,-72.571,-60.274,17.91,12.071,13.231,-3.593,17.91,9.88,-3.011,-0.2,0.036,16.41,9.45,3.129,6.583,7.289,0.0,0.119,0.672,0.001,0.05,0.05,MOVING
44.9,33.0,-65.004,-75.667,-48.85,-16.96,-73.5,-60.06,-73.5,-60.177,17.667,11.568,13.353,-2.432,17.667,9.68,-1.874,0.74,0.031,16.38,9.42,3.129,6.583,7.289,0.0,0.119,0.678,0.001,0.04,0.05,MOVING
45.0,33.1,-66.175,-75.422,-49.56,-16.32,-74.43,-59.96,-74.432,-60.079,17.423,11.177,13.366,-2.439,17.423,9.49,-2.926,1.28,0.0309,16.34,9.38,3.129,6.583,7.289,0.0,0.119,0.683,0.001,0.05,0.05,MOVING
45.1,33.2,-67.36,-75.166,-50.29,-15.68,-75.37,-59.86,-75.375,-59.98,17.171,11.035,13.156,-2.521,17.171,9.29,-1.787,0.63,0.103,16.31,9.35,3.129,6.583,7.289,0.0,0.118,0.687,0.001,0.04,0.05,MOVING
45.2,33.3,-68.539,-74.921,-51.07,-14.97,-76.4,-59.74,-76.406,-59.863,16.989,10.733,13.169,-1.821,16.989,9.13,-1.253,1.1,0.0506,16.28,9.32,3.129,6.583,7.289,0.0,0.118,0.692,0.001,0.05,0.05,MOVING
45.3,33.4,-69.731,-74.687,-51.9,-14.22,-77.5,-59.62,-77.504,-59.735,16.852,10.552,13.14,-1.371,16.852,9.0,-0.445,1.1,0.0614,16.25,9.29,3.129,6.583,7.289,0.0,0.118,0.697,0.001,0.04,0.05,MOVING
45.4,33.5,-70.923,-74.454,-52.72,-13.48,-78.58,-59.5,-78.578,-59.616,16.697,10.343,13.107,-1.554,16.697,8.86,-1.863,1.31,0.0152,16.21,9.25,3.129,6.583,7.289,0.0,0.118,0.701,0.001,0.05,0.05,MOVING
45.5,33.6,-72.114,-74.22,-53.47,-12.8,-79.57,-59.4,-79.572,-59.517,16.487,10.152,12.99,-2.099,16.487,8.69,-2.126,1.09,0.1065,16.17,9.21,3.129,6.583,7.289,0.0,0.118,0.704,0.0,0.05,0.05,MOVING
45.6,33.7,-73.306,-74.009,-54.01,-12.31,-80.28,-59.36,-80.287,-59.48,16.118,9.539,12.993,-3.682,16.118,8.44,-7.559,1.38,0.0095,16.1,9.14,3.129,6.583,7.289,0.0,0.118,0.706,0.001,0.07,0.05,MOVING
45.7,33.8,-74.512,-73.775,-54.46,-11.9,-80.88,-59.35,-80.884,-59.471,15.659,8.931,12.863,-4.592,15.659,8.15,-4.684,1.14,0.006,16.03,9.07,3.129,6.583,7.289,0.0,0.117,0.709,0.001,0.06,0.05,MOVING
45.8,33.9,-75.717,-73.563,-55.08,-11.33,-81.7,-59.3,-81.708,-59.414,15.365,8.396,12.869,-2.938,15.365,7.95,-2.982,1.53,0.0281,15.97,9.01,3.129,6.583,7.289,0.0,0.116,0.711,0.001,0.05,0.05,MOVING
45.9,34.0,-76.923,-73.341,-55.74,-10.72,-82.59,-59.23,-82.595,-59.345,15.102,8.116,12.736,-2.634,15.102,7.76,-3.444,1.25,0.0288,15.91,8.95,3.129,6.583,7.289,0.0,0.115,0.712,0.001,0.05,0.05,MOVING
46.0,34.1,-78.135,-73.118,-56.39,-10.13,-83.45,-59.17,-83.458,-59.281,14.826,7.761,12.632,-2.763,14.826,7.57,-3.611,1.07,0.0086,15.85,8.89,3.129,6.583,7.289,0.0,0.115,0.714,0.001,0.06,0.05,MOVING
46.1,34.2,-79.341,-72.918,-57.0,-9.56,-84.27,-59.11,-84.277,-59.227,14.554,7.157,12.672,-2.717,14.554,7.39,-4.341,1.87,0.039,15.79,8.83,3.129,6.583,7.289,0.0,0.114,0.715,0.001,0.06,0.05,MOVING
46.2,34.3,-80.553,-72.707,-57.68,-8.92,-85.2,-59.04,-85.201,-59.151,14.33,6.854,12.585,-2.239,14.33,7.23,-1.449,1.85,0.0231,15.73,8.77,3.129,6.583,7.289,0.0,0.113,0.715,0.001,0.04,0.05,MOVING
46.3,34.4,-81.766,-72.518,-58.46,-8.19,-86.25,-58.94,-86.252,-59.049,14.196,6.61,12.564,-1.337,14.196,7.12,-1.744,2.17,0.0512,15.69,8.73,3.129,6.583,7.289,0.0,0.112,0.714,0.001,0.04,0.05,MOVING
46.4,34.5,-82.978,-72.317,-59.13,-7.57,-87.15,-58.87,-87.15,-58.976,13.978,6.26,12.498,-2.183,13.978,6.96,-4.555,2.26,0.0158,15.63,8.67,3.129,6.583,7.289,0.0,0.111,0.713,0.0,0.06,0.05,MOVING
46.5,34.6,-84.197,-72.128,-59.79,-6.94,-88.05,-58.79,-88.054,-58.902,13.777,5.852,12.473,-2.008,13.777,6.82,-1.696,2.52,0.002,15.58,8.62,3.129,6.583,7.289,0.0,0.11,0.713,0.001,0.04,0.05,MOVING
46.6,34.7,-85.403,-71.928,-60.63,-6.14,-89.18,-58.67,-89.187,-58.78,13.681,5.9,12.344,-0.961,13.681,6.73,0.128,1.91,0.0191,15.53,8.57,3.129,6.583,7.289,0.0,0.108,0.711,0.0,0.04,0.05,MOVING
46.7,34.8,-86.622,-71.739,-61.38,-5.42,-90.2,-58.57,-90.21,-58.682,13.541,5.606,12.326,-1.402,13.541,6.62,-3.924,2.21,0.0264,15.49,8.53,3.129,6.583,7.289,0.0,0.107,0.708,0.001,0.05,0.05,MOVING
46.8,34.9,-87.834,-71.538,-61.85,-4.96,-90.86,-58.55,-90.864,-58.657,13.232,5.029,12.24,-3.085,13.232,6.44,-7.433,2.2,0.0309,15.42,8.46,3.129,6.583,7.289,0.0,0.107,0.707,0.0,0.07,0.05,MOVING
46.9,35.0,-89.053,-71.36,-62.04,-4.78,-91.12,-58.61,-91.122,-58.713,12.815,3.954,12.19,-4.175,12.815,6.2,-11.995,2.62,0.0265,15.33,8.37,3.129,6.583,7.289,0.0,0.107,0.708,0.001,0.09,0.05,MOVING
47.0,35.1,-90.273,-71.182,-62.05,-4.77,-91.14,-58.71,-91.147,-58.817,12.397,2.694,12.1,-4.184,12.397,5.96,-12.238,2.79,0.0701,15.22,8.26,3.129,6.583,7.289,0.0,0.107,0.71,0.001,0.09,0.05,MOVING
47.1,35.2,-91.471,-70.993,-62.1,-4.72,-91.22,-58.8,-91.224,-58.909,12.087,1.595,11.981,-3.097,12.087,5.77,-10.801,2.64,0.0448,15.12,8.16,3.129,6.583,7.289,0.0,0.107,0.711,0.001,0.08,0.05,MOVING
47.2,35.3,-92.69,-70.815,-62.43,-4.4,-91.67,-58.82,-91.677,-58.924,11.935,0.711,11.913,-1.523,11.935,5.67,-4.522,3.01,0.0127,15.04,8.08,3.129,6.583,7.289,0.0,0.105,0.711,0.001,0.05,0.05,MOVING
47.3,35.4,-93.903,-70.637,-62.92,-3.91,-92.36,-58.79,-92.363,-58.891,11.846,0.201,11.845,-0.882,11.846,5.59,-6.161,2.76,0.0027,14.97,8.01,3.129,6.583,7.289,0.0,0.104,0.71,0.001,0.05,0.05,MOVING
47.4,35.5,-95.115,-70.459,-63.47,-3.36,-93.12,-58.74,-93.127,-58.843,11.785,-0.233,11.782,-0.616,11.785,5.53,-2.899,2.52,0.0556,14.91,7.95,3.129,6.583,7.289,0.0,0.102,0.708,0.001,0.04,0.05,MOVING
47.5,35.6,-96.321,-70.292,-64.16,-2.68,-94.08,-58.66,-94.09,-58.757,11.749,-0.571,11.735,-0.358,11.749,5.49,-2.095,2.74,0.0437,14.86,7.9,3.129,6.583,7.289,0.0,0.101,0.705,0.001,0.04,0.05,MOVING
47.6,35.7,-97.533,-70.114,-64.88,-1.95,-95.09,-58.56,-95.1,-58.663,11.707,-0.797,11.68,-0.422,11.707,5.43,-1.961,2.61,0.0334,14.81,7.85,3.129,6.583,7.289,0.0,0.099,0.701,0.0,0.04,0.05,MOVING
47.7,35.8,-98.752,-69.947,-65.58,-1.26,-96.07,-58.48,-96.077,-58.577,11.68,-1.033,11.635,-0.263,11.68,5.39,-2.819,2.34,0.0518,14.76,7.8,3.129,6.583,7.289,0.0,0.097,0.697,0.0,0.04,0.05,MOVING
47.8,35.9,-99.958,-69.769,-66.29,-0.55,-97.06,-58.4,-97.068,-58.491,11.642,-1.26,11.574,-0.382,11.642,5.34,-1.668,2.04,0.0056,14.7,7.74,3.129,6.583,7.289,0.0,0.095,0.693,0.0,0.04,0.05,MOVING
47.9,36.0,-101.177,-69.602,-67.06,0.21,-98.13,-58.3,-98.141,-58.395,11.611,-1.416,11.524,-0.314,11.611,5.3,-1.168,1.85,0.0673,14.65,7.69,3.129,6.583,7.289,0.0,0.096,0.702,0.0,0.04,0.05,MOVING
48.0,36.1,-102.396,-69.413,-67.88,1.02,-99.27,-58.2,-99.28,-58.295,11.547,-1.422,11.459,-0.642,11.547,5.24,-0.46,1.12,0.0507,14.58,7.62,3.129,6.583,7.289,0.0,0.097,0.72,0.0,0.04,0.05,MOVING
48.1,36.2,-103.608,-69.235,-68.68,1.8,-100.38,-58.11,-100.386,-58.207,11.49,-1.57,11.382,-0.571,11.49,5.18,-1.811,0.97,0.0747,14.51,7.55,3.129,6.583,7.289,0.0,0.097,0.733,0.0,0.04,0.05,MOVING
48.2,36.3,-104.821,-69.046,-69.44,2.54,-101.43,-58.04,-101.442,-58.132,11.425,-1.704,11.297,-0.646,11.425,5.13,-1.42,0.48,0.015,14.44,7.48,3.129,6.583,7.289,0.0,0.097,0.743,0.0,0.04,0.05,MOVING
48.3,36.4,-106.047,-68.868,-70.17,3.24,-102.44,-57.97,-102.449,-58.068,11.383,-1.991,11.207,-0.422,11.383,5.08,-2.93,0.55,0.0349,14.36,7.4,3.129,6.583,7.289,0.0,0.096,0.749,0.001,0.04,0.05,MOVING
48.4,36.5,-107.259,-68.701,-70.83,3.87,-103.35,-57.93,-103.36,-58.022,11.368,-2.354,11.121,-0.149,11.368,5.05,-3.401,0.59,0.043,14.28,7.32,3.129,6.583,7.289,0.0,0.095,0.752,0.0,0.04,0.05,MOVING
48.5,36.6,-108.478,-68.523,-71.35,4.37,-104.07,-57.91,-104.08,-58.008,11.398,-2.825,11.042,0.298,11.398,5.03,-6.724,0.25,0.0088,14.19,7.23,3.129,6.583,7.289,0.0,0.094,0.753,0.001,0.06,0.05,MOVING
48.6,36.7,-109.697,-68.334,-71.81,4.8,-104.7,-57.91,-104.711,-58.007,11.467,-3.367,10.962,0.697,11.467,5.04,-5.268,-0.2,0.0513,14.1,7.14,3.129,6.583,7.289,0.0,0.093,0.753,0.0,0.05,0.05,MOVING
48.7,36.8,-110.91,-68.167,-72.2,5.17,-105.24,-57.93,-105.248,-58.02,11.619,-4.145,10.855,1.518,11.619,5.08,-8.641,0.24,0.045,14.01,7.05,3.129,6.583,7.289,0.0,0.093,0.753,0.0,0.07,0.05,MOVING
48.8,36.9,-112.122,-67.989,-72.74,5.68,-105.98,-57.91,-105.991,-58.001,11.719,-4.59,10.783,1.002,11.719,5.09,-1.047,-0.09,0.0763,13.92,6.96,3.129,6.583,7.289,0.0,0.091,0.75,0.001,0.05,0.05,MOVING
48.9,37.0,-113.348,-67.788,-73.56,6.46,-107.11,-57.83,-107.121,-57.923,11.666,-4.596,10.723,-0.531,11.666,5.04,-0.907,-0.66,0.0153,13.84,6.88,3.129,6.583,7.289,0.0,0.088,0.741,0.001,0.04,0.05,MOVING
49.0,37.1,-114.554,-67.61,-74.4,7.25,-108.26,-57.75,-108.266,-57.84,11.619,-4.775,10.592,-0.477,11.619,5.0,-0.703,-0.1,0.0305,13.76,6.8,3.129,6.583,7.289,0.0,0.085,0.728,0.001,0.05,0.05,MOVING
49.1,37.2,-115.773,-67.421,-75.38,8.18,-109.6,-57.64,-109.608,-57.726,11.489,-4.64,10.511,-1.294,11.489,4.91,3.17,-0.23,0.0493,13.68,6.69,3.129,6.583,7.289,0.0,0.083,0.718,0.0,0.06,0.05,MOVING
49.2,37.3,-116.985,-67.243,-76.22,8.97,-110.75,-57.56,-110.768,-57.638,11.441,-4.717,10.424,-0.477,11.441,4.87,-4.659,-0.07,0.0159,13.61,6.57,3.129,6.583,7.289,0.0,0.083,0.723,0.0,0.08,0.05,MOVING
49.3,37.4,-118.191,-67.065,-77.15,9.85,-112.03,-57.45,-112.052,-57.53,11.34,-4.655,10.341,-1.012,11.34,4.8,5.811,0.06,0.0699,13.48,6.44,3.129,6.583,7.289,0.0,0.082,0.732,0.0,0.06,0.05,MOVING
49.4,37.5,-119.403,-66.876,-78.28,10.92,-113.59,-57.3,-113.612,-57.379,11.123,-4.264,10.274,-2.169,11.123,4.68,0.917,-0.34,0.0909,13.35,6.31,3.129,6.583,7.289,0.0,0.081,0.739,0.0,0.06,0.05,MOVING
49.5,37.6,-120.615,-66.709,-79.58,12.14,-115.37,-57.12,-115.387,-57.196,10.855,-3.833,10.156,-2.682,10.855,4.55,10.089,0.38,0.0093,13.21,6.17,3.129,6.583,7.289,0.0,0.08,0.747,0.0,0.05,0.05,MOVING
49.6,37.7,-121.828,-66.509,-80.8,13.28,-117.04,-56.95,-117.056,-57.027,10.614,-3.205,10.119,-2.411,10.614,4.42,-1.187,-0.54,0.0324,13.07,6.03,3.129,6.583,7.289,0.0,0.08,0.755,0.0,0.07,0.05,MOVING
49.7,37.8,-123.026,-66.331,-81.27,13.72,-117.7,-56.93,-117.718,-57.01,10.726,-3.848,10.012,1.123,10.726,4.45,-10.168,-0.04,0.0185,12.97,5.93,3.129,6.583,7.289,0.0,0.081,0.76,0.001,0.11,0.05,MOVING
49.8,37.9,-124.225,-66.153,-81.72,14.14,-118.32,-56.92,-118.337,-56.998,10.885,-4.486,9.918,1.585,10.885,4.49,-1.966,0.19,0.0215,12.87,5.83,3.129,6.583,7.289,0.0,0.08,0.765,0.001,0.07,0.05,MOVING
49.9,38.0,-125.424,-65.986,-82.55,14.91,-119.46,-56.83,-119.473,-56.906,10.856,-4.581,9.843,-0.286,10.856,4.46,0.344,0.42,0.0137,12.76,5.72,3.129,6.583,7.289,0.0,0.079,0.771,0.0,0.06,0.05,MOVING
50.0,38.1,-126.616,-65.797,-83.07,15.39,-120.17,-56.8,-120.187,-56.877,10.995,-5.016,9.784,1.386,10.995,4.49,-10.379,0.16,0.0124,12.66,5.62,3.129,6.583,7.289,0.0,0.08,0.777,0.0,0.1,0.05,MOVING
50.1,38.2,-127.808,-65.641,-83.13,15.45,-120.27,-56.86,-120.288,-56.943,11.498,-6.224,9.667,5.026,11.498,4.67,-12.026,0.93,0.0515,12.57,5.53,3.129,6.583,7.289,0.0,0.081,0.78,0.001,0.12,0.05,MOVING
50.2,38.3,-129.0,-65.463,-83.39,15.69,-120.64,-56.89,-120.659,-56.966,11.906,-7.064,9.584,4.089,11.906,4.81,-4.915,1.13,0.0116,12.48,5.44,3.129,6.583,7.289,0.0,0.081,0.785,0.001,0.09,0.05,MOVING
50.3,38.4,-130.198,-65.296,-83.94,16.2,-121.4,-56.85,-121.418,-56.924,12.132,-7.504,9.533,2.255,12.132,4.88,-4.18,1.14,0.0186,12.39,5.35,3.129,6.583,7.289,0.0,0.08,0.79,0.001,0.08,0.05,MOVING
50.4,38.5,-131.37,-65.118,-84.49,16.72,-122.16,-56.8,-122.181,-56.88,12.341,-7.878,9.499,2.092,12.341,4.94,-4.639,0.95,0.0276,12.29,5.25,3.129,6.583,7.289,0.0,0.08,0.796,0.001,0.08,0.05,MOVING
50.5,38.6,-132.555,-64.962,-84.77,16.98,-122.56,-56.82,-122.572,-56.896,12.834,-8.802,9.341,4.931,12.834,5.12,-11.599,1.73,0.0355,12.21,5.17,3.129,6.583,7.289,0.0,0.08,0.8,0.001,0.11,0.05,MOVING
50.6,38.7,-133.726,-64.784,-84.79,16.99,-122.59,-56.89,-122.608,-56.972,13.589,-9.824,9.388,7.545,13.589,5.39,-11.837,0.99,0.0189,12.12,5.08,3.129,6.583,7.289,0.0,0.081,0.804,0.001,0.11,0.05,MOVING
50.7,38.8,-134.905,-64.617,-84.79,16.99,-122.61,-56.97,-122.627,-57.051,14.421,-11.074,9.239,8.328,14.421,5.7,-11.846,1.61,0.0227,12.04,5.0,3.129,6.583,7.289,0.0,0.081,0.808,0.001,0.11,0.05,MOVING
50.8,38.9,-136.083,-64.428,-84.81,17.01,-122.65,-57.05,-122.668,-57.126,15.273,-12.16,9.241,8.517,15.273,6.0,-11.442,1.33,0.0375,11.96,4.92,3.129,6.583,7.289,0.0,0.081,0.811,0.001,0.1,0.05,MOVING
50.9,39.0,-137.248,-64.261,-84.93,17.13,-122.84,-57.1,-122.856,-57.174,16.042,-13.161,9.172,7.684,16.042,6.28,-8.801,1.45,0.0042,11.88,4.84,3.129,6.583,7.289,0.0,0.08,0.815,0.001,0.09,0.05,MOVING
51.0,39.1,-138.426,-64.061,-85.25,17.43,-123.29,-57.1,-123.304,-57.174,16.616,-13.803,9.251,5.748,16.616,6.47,-6.127,0.95,0.0317,11.8,4.76,3.129,6.583,7.289,0.0,0.079,0.819,0.001,0.07,0.05,MOVING
51.1,39.2,-139.577,-63.883,-85.75,17.91,-123.98,-57.05,-124.0,-57.125,16.979,-14.367,9.049,3.629,16.979,6.58,-3.613,1.65,0.0701,11.72,4.68,3.129,6.583,7.289,0.0,0.077,0.824,0.001,0.05,0.05,MOVING
51.2,39.3,-140.742,-63.705,-86.45,18.58,-124.95,-56.95,-124.966,-57.022,17.133,-14.585,8.989,1.532,17.133,6.61,-0.524,1.91,0.0219,11.65,4.61,3.129,6.583,7.289,0.0,0.076,0.828,0.001,0.04,0.05,MOVING
51.3,39.4,-141.906,-63.527,-87.27,19.39,-126.1,-56.81,-126.114,-56.881,17.133,-14.608,8.954,0.008,17.133,6.58,0.075,2.02,0.0347,11.58,4.54,3.129,6.583,7.289,0.0,0.074,0.833,0.001,0.04,0.05,MOVING
51.4,39.5,-143.078,-63.36,-88.17,20.26,-127.34,-56.65,-127.358,-56.718,17.066,-14.559,8.904,-0.676,17.066,6.53,1.381,2.25,0.0532,11.52,4.48,3.129,6.583,7.289,0.0,0.072,0.837,0.0,0.03,0.05,MOVING
51.5,39.6,-144.243,-63.159,-89.16,21.23,-128.72,-56.46,-128.73,-56.529,16.87,-14.272,8.996,-1.955,16.87,6.42,2.631,1.72,0.029,11.45,4.41,3.129,6.583,7.289,0.0,0.071,0.841,0.0,0.04,0.05,MOVING
51.6,39.7,-145.414,-62.981,-90.15,22.2,-130.09,-56.27,-130.108,-56.338,16.686,-14.094,8.931,-1.844,16.686,6.32,1.49,1.8,0.0692,11.39,4.35,3.129,6.583,7.289,0.0,0.069,0.846,0.0,0.04,0.05,MOVING
51.7,39.8,-146.565,-62.803,-91.07,23.09,-131.36,-56.1,-131.376,-56.167,16.575,-13.962,8.934,-1.107,16.575,6.25,0.533,1.69,0.0339,11.33,4.29,3.129,6.583,7.289,0.0,0.068,0.85,0.0,0.04,0.05,MOVING
51.8,39.9,-147.73,-62.603,-91.99,23.99,-132.65,-55.93,-132.661,-55.995,16.454,-13.779,8.993,-1.209,16.454,6.18,1.876,1.15,0.0298,11.27,4.23,3.129,6.583,7.289,0.0,0.067,0.855,0.0,0.04,0.05,MOVING
51.9,40.0,-148.888,-62.425,-92.96,24.94,-133.99,-55.75,-134.007,-55.811,16.285,-13.673,8.845,-1.696,16.285,6.09,1.762,1.57,0.0595,11.21,4.17,3.129,6.583,7.289,0.0,0.065,0.859,0.0,0.04,0.05,MOVING
52.0,40.1,-150.066,-62.269,-93.96,25.9,-135.37,-55.56,-135.378,-55.624,16.121,-13.626,8.615,-1.632,16.121,6.0,2.22,2.44,0.0366,11.14,4.1,3.129,6.583,7.289,0.0,0.064,0.863,0.0,0.04,0.05,MOVING
52.1,40.2,-151.231,-62.069,-94.96,26.87,-136.75,-55.37,-136.765,-55.435,15.914,-13.208,8.878,-2.069,15.914,5.9,1.981,1.03,0.0652,11.08,4.04,3.129,6.583,7.289,0.0,0.062,0.868,0.0,0.04,0.05,MOVING
52.2,40.3,-152.409,-61.88,-95.85,27.73,-137.98,-55.22,-137.995,-55.275,15.855,-13.195,8.79,-0.596,15.855,5.85,-0.954,1.05,0.0372,11.01,3.97,3.129,6.583,7.289,0.0,0.061,0.872,0.0,0.04,0.05,MOVING
52.3,40.4,-153.58,-61.691,-96.81,28.65,-139.31,-55.04,-139.317,-55.101,15.712,-13.032,8.777,-1.429,15.712,5.77,3.835,0.84,0.0204,10.95,3.91,3.129,6.583,7.289,0.0,0.059,0.876,0.0,0.04,0.05,MOVING
52.4,40.5,-154.732,-61.457,-97.98,29.75,-140.9,-54.82,-140.911,-54.88,15.306,-12.377,9.005,-4.06,15.306,5.6,4.768,-0.69,0.004,10.88,3.84,3.129,6.583,7.289,0.0,0.058,0.88,0.0,0.04,0.05,MOVING
52.5,40.6,-155.937,-61.257,-99.3,31.01,-142.71,-54.57,-142.717,-54.622,14.792,-11.911,8.771,-5.144,14.792,5.39,7.761,0.18,0.0515,10.8,3.76,3.129,6.583,7.289,0.0,0.056,0.885,0.0,0.04,0.05,MOVING
52.6,40.7,-157.122,-61.056,-100.51,32.16,-144.36,-54.34,-144.373,-54.389,14.387,-11.414,8.758,-4.045,14.387,5.22,1.387,0.01,0.0012,10.73,3.69,3.129,6.583,7.289,0.0,0.055,0.889,0.0,0.04,0.05,MOVING
52.7,40.8,-158.3,-60.845,-101.57,33.15,-145.8,-54.14,-145.809,-54.192,14.152,-11.155,8.71,-2.346,14.152,5.11,3.543,-0.05,0.0131,10.67,3.63,3.129,6.583,7.289,0.0,0.053,0.893,0.0,0.04,0.05,MOVING
52.8,40.9,-159.486,-60.633,-102.59,34.11,-147.19,-53.95,-147.199,-54.003,13.961,-10.947,8.665,-1.911,13.961,5.02,0.535,-0.11,0.0284,10.6,3.56,3.129,6.583,7.289,0.0,0.052,0.897,0.0,0.05,0.05,MOVING
52.9,41.0,-160.664,-60.422,-103.55,35.02,-148.51,-53.77,-148.517,-53.824,13.823,-10.785,8.646,-1.38,13.823,4.95,2.021,-0.31,0.0577,10.54,3.5,3.129,6.583,7.289,0.0,0.051,0.9,0.0,0.04,0.05,MOVING
53.0,41.1,-161.876,-60.211,-104.69,36.09,-150.06,-53.55,-150.068,-53.603,13.531,-10.5,8.535,-2.922,13.531,4.82,5.046,0.02,0.0679,10.48,3.44,3.129,6.583,7.289,0.0,0.05,0.904,0.0,0.04,0.05,MOVING
53.1,41.2,-163.061,-59.999,-105.92,37.24,-151.73,-53.31,-151.735,-53.361,13.128,-9.96,8.552,-4.03,13.128,4.66,4.291,-0.38,0.0462,10.41,3.37,3.129,6.583,7.289,0.0,0.049,0.907,0.0,0.04,0.05,MOVING
53.2,41.3,-164.26,-59.843,-107.24,38.47,-153.51,-53.05,-153.52,-53.097,12.683,-9.633,8.251,-4.45,12.683,4.48,7.553,1.45,0.0511,10.35,3.31,3.129,6.583,7.289,0.0,0.047,0.91,0.0,0.04,0.05,MOVING
53.3,41.4,-165.452,-59.643,-108.69,39.84,-155.48,-52.75,-155.494,-52.798,12.084,-8.719,8.366,-5.994,12.084,4.25,8.156,0.68,0.0344,10.29,3.25,3.129,6.583,7.289,0.0,0.046,0.913,0.0,0.04,0.05,MOVING
53.4,41.5,-166.671,-59.343,-110.02,41.07,-157.28,-52.48,-157.288,-52.529,11.596,-7.719,8.654,-4.876,11.596,4.06,3.642,-2.29,0.0345,10.23,3.19,3.129,6.583,7.289,0.0,0.045,0.916,0.0,0.04,0.05,MOVING
53.5,41.6,-167.863,-59.098,-111.27,42.25,-158.98,-52.23,-158.989,-52.275,11.194,-7.3,8.486,-4.023,11.194,3.91,6.149,-1.74,0.0415,10.17,3.13,3.129,6.583,7.289,0.0,0.044,0.919,0.0,0.04,0.05,MOVING
53.6,41.7,-169.069,-58.886,-112.28,43.19,-160.35,-52.03,-160.359,-52.076,11.056,-7.318,8.287,-1.378,11.056,3.84,-2.94,-0.33,0.1684,10.12,3.08,3.129,6.583,7.289,0.0,0.044,0.921,0.0,0.07,0.05,MOVING
53.7,41.8,-170.254,-58.653,-113.26,44.11,-161.67,-51.84,-161.683,-51.88,10.923,-7.131,8.275,-1.326,10.923,3.78,5.358,-0.53,0.126,10.07,3.03,3.129,6.583,7.289,0.0,0.043,0.923,0.0,0.05,0.05,MOVING
53.8,41.9,-171.432,-58.419,-114.56,45.34,-163.45,-51.56,-163.454,-51.599,10.496,-6.449,8.281,-4.272,10.496,3.62,6.362,-1.16,0.0155,10.03,2.99,3.129,6.583,7.289,0.0,0.042,0.924,0.0,0.06,0.05,MOVING
53.9,42.0,-172.617,-58.197,-116.19,46.88,-165.66,-51.19,-165.671,-51.233,9.836,-5.535,8.131,-6.6,9.836,3.37,14.494,-0.29,0.027,9.99,2.95,3.129,6.583,7.289,0.0,0.041,0.926,0.0,0.04,0.05,MOVING
54.0,42.1,-173.768,-57.963,-118.12,48.7,-168.27,-50.75,-168.279,-50.793,9.03,-3.987,8.102,-8.066,9.03,3.08,14.602,-0.84,0.0613,9.95,2.91,3.129,6.583,7.289,0.0,0.041,0.926,0.0,0.04,0.05,MOVING
54.1,42.2,-174.926,-57.696,-119.81,50.3,-170.57,-50.37,-170.578,-50.411,8.484,-2.655,8.058,-5.454,8.484,2.89,8.348,-2.19,0.0336,9.91,2.87,3.129,6.583,7.289,0.0,0.04,0.927,0.0,0.05,0.05,MOVING
54.2,42.3,-176.05,-57.484,-120.98,51.41,-172.17,-50.12,-172.176,-50.157,8.288,-2.387,7.937,-1.964,8.288,2.81,0.678,-0.73,0.0432,9.87,2.83,3.129,6.583,7.289,0.0,0.04,0.928,0.0,0.08,0.05,MOVING
54.3,42.4,-177.167,-57.273,-121.73,52.11,-173.18,-49.97,-173.191,-50.012,8.278,-2.506,7.89,-0.093,8.278,2.79,-3.074,-0.69,0.0237,9.83,2.79,3.129,6.583,7.289,0.0,0.04,0.929,0.0,0.09,0.05,MOVING
54.4,42.5,-178.277,-57.028,-122.21,52.57,-173.85,-49.89,-173.858,-49.93,8.361,-2.86,7.857,0.826,8.361,2.81,-6.243,-1.5,0.0733,9.79,2.75,3.129,6.583,7.289,0.0,0.04,0.93,0.0,0.1,0.05,MOVING
54.5,42.6,-179.374,-56.817,-122.42,52.77,-174.14,-49.88,-174.146,-49.918,8.655,-3.762,7.795,2.942,8.655,2.9,-10.6,-0.99,0.054,9.75,2.71,3.129,6.583,7.289,0.0,0.041,0.931,0.0,0.11,0.05,MOVING
54.6,42.7,-180.436,-56.594,-122.44,52.79,-174.18,-49.91,-174.188,-49.952,9.119,-4.758,7.779,4.636,9.119,3.04,-10.73,-1.2,0.0133,9.71,2.67,3.129,6.583,7.289,0.0,0.041,0.933,0.0,0.11,0.05,MOVING
54.7,42.8,-181.485,-56.394,-122.45,52.8,-174.2,-49.95,-174.204,-49.991,9.696,-5.885,7.706,5.773,9.696,3.23,-10.681,-0.6,0.0485,9.67,2.63,3.129,6.583,7.289,0.0,0.041,0.934,0.001,0.11,0.05,MOVING
54.8,42.9,-182.513,-56.182,-122.56,52.91,-174.36,-49.96,-174.365,-50.002,10.228,-6.74,7.692,5.314,10.228,3.39,-7.467,-0.8,0.036,9.63,2.59,3.129,6.583,7.289,0.0,0.041,0.936,0.0,0.09,0.05,MOVING
54.9,43.0,-183.508,-55.982,-122.76,53.1,-174.63,-49.95,-174.64,-49.99,10.702,-7.517,7.618,4.745,10.702,3.53,-7.769,-0.53,0.031,9.59,2.55,3.129,6.583,7.289,0.0,0.04,0.937,0.0,0.08,0.05,MOVING
55.0,43.1,-184.509,-55.782,-123.05,53.38,-175.04,-49.91,-175.049,-49.953,11.112,-8.134,7.57,4.095,11.112,3.66,-4.374,-0.6,0.0051,9.55,2.51,3.129,6.583,7.289,0.0,0.04,0.938,0.0,0.06,0.05,MOVING
55.1,43.2,-185.463,-55.593,-123.32,53.63,-175.41,-49.88,-175.417,-49.923,11.535,-8.73,7.539,4.233,11.535,3.78,-8.229,-0.57,0.0552,9.52,2.48,3.129,6.583,7.289,0.0,0.039,0.94,0.0,0.09,0.05,MOVING
55.2,43.3,-186.402,-55.392,-123.51,53.82,-175.68,-49.87,-175.683,-49.912,12.039,-9.385,7.542,5.045,12.039,3.94,-5.91,-0.91,0.0558,9.48,2.44,3.129,6.583,7.289,0.0,0.039,0.941,0.0,0.08,0.05,MOVING
55.3,43.4,-187.315,-55.214,-123.8,54.1,-176.08,-49.84,-176.086,-49.873,12.435,-9.945,7.464,3.952,12.435,4.05,-4.964,-0.55,0.0293,9.44,2.4,3.129,6.583,7.289,0.0,0.038,0.942,0.0,0.07,0.05,MOVING
55.4,43.5,-188.18,-55.047,-124.16,54.45,-176.58,-49.78,-176.585,-49.814,12.721,-10.399,7.327,2.866,12.721,4.13,-3.36,0.12,0.0383,9.41,2.37,3.129,6.583,7.289,0.0,0.038,0.942,0.0,0.06,0.05,MOVING
55.5,43.6,-189.059,-54.869,-124.6,54.87,-177.19,-49.7,-177.196,-49.733,12.928,-10.582,7.425,2.064,12.928,4.19,-2.298,-0.54,0.0901,9.38,2.34,3.129,6.583,7.289,0.0,0.037,0.943,0.0,0.06,0.05,MOVING
55.6,43.7,-189.869,-54.702,-125.16,55.42,-177.96,-49.58,-177.966,-49.618,12.944,-10.61,7.414,0.16,12.944,4.18,0.507,-0.62,0.0094,9.36,2.32,3.129,6.583,7.289,0.0,0.036,0.943,0.0,0.04,0.05,MOVING
55.7,43.8,-190.693,-54.536,-125.84,56.09,-178.9,-49.43,-178.909,-49.468,12.828,-10.543,7.308,-1.154,12.828,4.13,1.781,-0.36,0.0502,9.33,2.29,3.129,6.583,7.289,0.0,0.035,0.943,0.001,0.03,0.05,MOVING
55.8,43.9,-191.477,-54.38,-126.56,56.8,-179.91,-49.27,-179.914,-49.306,12.627,-10.332,7.259,-2.012,12.627,4.06,2.139,-0.4,0.0313,9.31,2.27,3.129,6.583,7.289,0.0,0.035,0.944,0.001,0.03,0.05,MOVING
55.9,44.0,-192.253,-54.235,-127.28,57.51,-180.9,-49.12,-180.907,-49.149,12.434,-10.205,7.104,-1.926,12.434,3.99,2.016,0.2,0.0494,9.29,2.25,3.129,6.583,7.289,0.0,0.034,0.944,0.001,0.03,0.05,MOVING
56.0,44.1,-192.982,-54.046,-127.94,58.15,-181.81,-48.97,-181.82,-49.007,12.246,-9.705,7.469,-1.879,12.246,3.92,1.016,-2.49,0.0312,9.26,2.22,3.129,6.583,7.289,0.0,0.033,0.944,0.0,0.04,0.05,MOVING
56.1,44.2,-193.697,-53.924,-128.6,58.8,-182.73,-48.84,-182.732,-48.867,12.074,-9.829,7.013,-1.72,12.074,3.85,2.552,-0.05,0.0034,9.23,2.19,3.129,6.583,7.289,0.0,0.033,0.944,0.0,0.03,0.05,MOVING
56.2,44.3,-194.392,-53.746,-129.3,59.48,-183.69,-48.69,-183.7,-48.718,11.815,-9.277,7.316,-2.596,11.815,3.76,2.506,-2.58,0.0327,9.2,2.16,3.129,6.583,7.289,0.0,0.032,0.944,0.001,0.03,0.05,MOVING
56.3,44.4,-195.052,-53.612,-130.0,60.15,-184.66,-48.54,-184.664,-48.572,11.547,-9.165,7.024,-2.678,11.547,3.67,2.96,-1.19,0.0328,9.17,2.13,3.129,6.583,7.289,0.0,0.031,0.944,0.001,0.03,0.05,MOVING
56.4,44.5,-195.699,-53.478,-130.72,60.85,-185.65,-48.39,-185.652,-48.422,11.248,-8.851,6.941,-2.99,11.248,3.56,3.582,-1.09,0.0492,9.14,2.1,3.129,6.583,7.289,0.0,0.031,0.944,0.001,0.03,0.05,MOVING
56.5,44.6,-196.353,-53.312,-131.48,61.57,-186.68,-48.24,-186.691,-48.266,10.901,-8.28,7.09,-3.473,10.901,3.45,4.078,-2.9,0.0216,9.11,2.07,3.129,6.583,7.289,0.0,0.03,0.944,0.0,0.03,0.05,MOVING
56.6,44.7,-196.953,-53.145,-132.26,62.32,-187.76,-48.08,-187.764,-48.107,10.479,-7.616,7.198,-4.215,10.479,3.31,4.587,-4.75,0.0432,9.07,2.03,3.129,6.583,7.289,0.0,0.029,0.944,0.001,0.03,0.05,MOVING
56.7,44.8,-197.525,-52.989,-133.06,63.07,-188.84,-47.92,-188.845,-47.95,10.037,-7.12,7.074,-4.426,10.037,3.16,4.982,-4.98,0.0675,9.03,1.99,3.129,6.583,7.289,0.0,0.028,0.944,0.0,0.03,0.05,MOVING
56.8,44.9,-198.097,-52.8,-133.83,63.79,-189.89,-47.78,-189.892,-47.802,9.607,-6.505,7.07,-4.295,9.607,3.02,4.199,-6.64,0.1345,8.99,1.95,3.129,6.583,7.289,0.0,0.027,0.943,0.001,0.04,0.05,MOVING
56.9,45.0,-198.628,-52.833,-134.54,64.45,-190.85,-47.65,-190.856,-47.672,9.33,-6.687,6.506,-2.774,9.33,2.93,3.794,-1.54,0.1125,8.94,16.13,3.129,6.583,7.289,0.0,0.027,0.943,0.0,0.04,0.05,MOVING
57.0,45.1,-199.125,-52.677,-135.21,65.07,-191.76,-47.53,-191.761,-47.557,8.969,-6.15,6.529,-3.607,8.969,2.81,3.826,-3.21,0.1124,8.89,15.22,3.129,6.583,7.289,0.0,0.026,0.942,0.0,0.04,0.05,MOVING
57.1,45.2,-199.629,-52.555,-135.88,65.66,-192.64,-47.43,-192.645,-47.453,8.649,-5.73,6.479,-3.201,8.649,2.7,3.585,-4.26,0.1775,8.83,14.33,3.129,6.583,7.289,0.0,0.025,0.941,0.0,0.04,0.05,MOVING
57.2,45.3,-200.099,-52.343,-136.56,66.25,-193.54,-47.33,-193.548,-47.357,8.233,-4.97,6.564,-4.158,8.233,2.57,4.212,-8.3,0.2075,15.34,13.43,3.129,6.583,7.289,0.0,0.024,0.937,0.0,0.03,0.05,MOVING
57.3,45.4,-200.562,-52.11,-137.24,66.82,-194.43,-47.26,-194.432,-47.278,7.806,-4.157,6.607,-4.276,7.806,2.43,3.292,-13.28,0.2696,14.46,12.54,3.129,6.583,7.289,0.0,0.023,0.931,0.0,0.03,0.05,MOVING
57.4,45.5,-201.039,-52.043,-137.9,67.35,-195.28,-47.2,-195.28,-47.218,7.513,-3.969,6.379,-2.925,7.513,2.34,3.64,-13.05,0.2785,13.61,11.7,3.129,6.583,7.289,0.0,0.021,0.923,0.0,0.03,0.05,MOVING
57.5,45.6,-201.489,-51.943,-138.58,67.86,-196.12,-47.15,-196.129,-47.174,7.175,-3.772,6.103,-3.385,7.175,2.23,3.685,-12.63,0.337,12.77,10.85,3.129,6.583,7.289,0.0,0.019,0.913,0.0,0.03,0.05,MOVING
57.6,45.7,-201.938,-51.698,-139.24,68.32,-196.94,-47.13,-196.941,-47.147,6.759,-3.251,5.925,-4.156,6.759,2.1,2.993,-15.92,0.3219,11.97,10.05,3.129,6.583,7.289,0.0,0.018,0.902,0.0,0.03,0.05,MOVING
57.7,45.8,-202.367,-51.509,-139.86,68.73,-197.68,-47.12,-197.682,-47.135,6.41,-2.894,5.719,-3.494,6.41,1.99,2.193,-18.02,0.2973,11.23,9.32,3.129,6.583,7.289,0.0,0.016,0.885,0.0,0.04,0.05,MOVING
57.8,45.9,-202.796,-51.331,-140.37,69.04,-198.28,-47.12,-198.278,-47.136,6.165,-2.636,5.574,-2.441,6.165,1.91,0.356,-20.52,0.3108,10.65,8.73,3.129,6.583,7.289,0.0,0.015,0.869,0.0,0.04,0.05,MOVING
57.9,46.0,-203.232,-51.142,-140.78,69.28,-198.76,-47.13,-198.759,-47.146,5.998,-2.627,5.392,-1.678,5.998,1.85,-0.113,-21.95,0.3662,10.18,8.26,3.129,6.583,7.289,0.0,0.013,0.849,0.0,0.04,0.05,MOVING
58.0,46.1,-203.634,-50.941,-141.07,69.44,-199.09,-47.15,-199.089,-47.163,5.911,-2.658,5.279,-0.871,5.911,1.82,-2.536,-24.44,0.4139,9.85,7.94,3.129,6.583,7.289,0.0,0.012,0.821,0.0,0.04,0.05,MOVING
58.1,46.2,-204.002,-50.53,-141.27,69.53,-199.31,-47.17,-199.315,-47.182,5.76,-2.344,5.262,-1.505,5.76,1.77,-2.139,-32.75,0.431,9.64,7.72,3.129,6.583,7.289,0.0,0.01,0.788,0.0,0.03,0.05,MOVING
58.2,46.3,-204.383,-50.385,-141.46,69.61,-199.52,-47.19,-199.525,-47.204,5.807,-2.595,5.195,0.469,5.807,1.79,-2.795,-33.94,0.509,9.43,7.52,3.129,6.583,7.289,0.0,0.009,0.754,0.0,0.03,0.05,MOVING
58.3,46.4,-204.751,-50.185,-141.58,69.66,-199.65,-47.21,-199.649,-47.223,5.9,-2.901,5.137,0.927,5.9,1.81,-3.359,-35.51,0.4979,9.31,7.4,3.129,6.583,7.289,0.0,0.008,0.72,0.0,0.04,0.05,MOVING
58.4,46.5,-205.099,-49.884,-141.64,69.68,-199.71,-47.23,-199.715,-47.238,5.999,-2.872,5.267,0.99,5.999,1.84,-3.986,-41.72,0.5472,9.25,7.33,3.129,6.583,7.289,0.0,0.008,0.688,0.0,0.04,0.05,MOVING
58.5,46.6,-205.412,-49.628,-141.69,69.69,-199.76,-47.24,-199.763,-47.251,6.129,-3.083,5.297,1.3,6.129,1.88,-3.664,-44.68,0.4083,9.21,7.29,3.129,6.583,7.289,0.0,0.007,0.659,0.0,0.04,0.05,MOVING
58.6,46.7,-205.718,-49.295,-141.74,69.7,-199.81,-47.26,-199.813,-47.266,6.244,-2.98,5.487,1.154,6.244,1.91,-3.86,-51.23,0.392,9.16,7.24,3.129,6.583,7.289,0.0,0.007,0.635,0.0,0.04,0.05,MOVING
58.7,46.8,-206.025,-48.961,-141.78,69.71,-199.86,-47.27,-199.86,-47.28,6.39,-2.975,5.655,1.456,6.39,1.95,-4.053,-56.8,0.4557,9.12,7.2,3.129,6.583,7.289,0.0,0.006,0.613,0.0,0.04,0.05,MOVING
58.8,46.9,-206.297,-48.638,-141.82,69.71,-199.9,-47.29,-199.904,-47.294,6.533,-3.082,5.761,1.434,6.533,1.99,-3.817,-60.88,0.5226,9.08,7.16,3.129,6.583,7.289,0.0,0.006,0.591,0.0,0.04,0.05,MOVING
58.9,47.0,-206.536,-48.249,-141.87,69.72,-199.94,-47.3,-199.946,-47.308,6.657,-3.009,5.938,1.234,6.657,2.03,-4.134,-66.81,0.514,9.04,7.12,3.129,6.583,7.289,0.0,0.005,0.573,0.0,0.04,0.05,MOVING
59.0,47.1,-206.747,-47.892,-141.91,69.72,-199.99,-47.32,-199.988,-47.323,6.783,-3.109,6.029,1.264,6.783,2.06,-3.713,-70.4,0.4582,9.0,7.08,3.129,6.583,7.289,0.0,0.005,0.561,0.0,0.04,0.05,MOVING
59.1,47.2,-206.917,-47.447,-141.95,69.72,-200.03,-47.33,-200.028,-47.337,6.89,-2.946,6.228,1.066,6.89,2.09,-4.119,-76.76,0.343,8.96,7.04,3.129,6.583,7.289,0.0,0.005,0.552,0.0,0.04,0.05,MOVING
59.2,47.3,-207.094,-47.047,-142.02,69.72,-200.09,-47.35,-200.094,-47.358,7.007,-3.168,6.25,1.176,7.007,2.13,-3.501,-79.17,0.4845,8.9,6.98,3.129,6.583,7.289,0.0,0.005,0.544,0.0,0.04,0.05,MOVING
59.3,47.4,-207.278,-46.668,-142.12,69.71,-200.19,-47.38,-200.194,-47.388,7.12,-3.535,6.181,1.13,7.12,2.16,-3.279,-80.03,0.3846,8.81,6.89,3.129,6.583,7.289,0.0,0.004,0.536,0.0,0.04,0.05,MOVING
59.4,47.5,-207.421,-46.223,-142.2,69.7,-200.28,-47.41,-200.276,-47.414,7.243,-3.533,6.323,1.229,7.243,2.19,-3.988,-84.86,0.4587,8.73,6.81,3.129,6.583,7.289,0.0,0.004,0.528,0.0,0.04,0.05,MOVING
59.5,47.6,-207.523,-45.756,-142.26,69.69,-200.33,-47.43,-200.329,-47.432,7.387,-3.531,6.488,1.432,7.387,2.23,-4.228,-89.75,0.3737,8.68,6.76,3.129,6.583,7.289,0.0,0.003,0.52,0.0,0.04,0.05,MOVING
59.6,47.7,-207.632,-45.3,-142.3,69.68,-200.37,-47.45,-200.376,-47.448,7.568,-3.833,6.526,1.816,7.568,2.28,-4.296,-91.86,0.5431,8.64,6.72,3.129,6.583,7.289,0.0,0.003,0.511,0.0,0.04,0.05,MOVING
59.7,47.8,-207.748,-44.821,-142.34,69.67,-200.41,-47.46,-200.411,-47.462,7.798,-4.135,6.611,2.298,7.798,2.35,-4.741,-94.07,0.4478,8.61,6.69,3.129,6.583,7.289,0.0,0.003,0.505,0.0,0.04,0.05,MOVING
59.8,47.9,-207.803,-44.309,-142.37,69.66,-200.44,-47.47,-200.44,-47.474,8.014,-4.128,6.869,2.161,8.014,2.41,-4.858,-98.95,0.3986,8.58,6.66,3.129,6.583,7.289,0.0,0.003,0.502,0.0,0.04,0.05,MOVING
59.9,48.0,-207.85,-43.775,-142.42,69.64,-200.5,-47.49,-200.496,-47.494,8.241,-4.428,6.95,2.269,8.241,2.48,-4.426,-101.23,0.3241,8.53,6.61,3.129,6.583,7.289,0.0,0.003,0.502,0.0,0.04,0.05,MOVING
60.0,48.1,-207.843,-43.219,-142.57,69.59,-200.64,-47.54,-200.643,-47.543,8.399,-4.351,7.184,1.582,8.399,2.52,-3.378,-106.48,0.252,8.39,6.48,3.129,6.583,7.289,0.0,0.002,0.509,0.0,0.04,0.05,MOVING
60.1,48.2,-207.843,-42.64,-142.85,69.48,-200.93,-47.63,-200.934,-47.635,8.526,-5.054,6.866,1.266,8.526,2.55,-1.761,-105.61,0.1849,8.12,6.2,3.129,6.583,7.289,0.0,0.001,0.527,0.0,0.05,0.05,MOVING
60.2,48.3,-207.803,-42.073,-143.16,69.34,-201.26,-47.73,-201.257,-47.73,8.652,-5.25,6.876,1.259,8.652,2.59,-3.037,-108.37,0.1006,7.82,5.9,3.129,6.583,7.289,0.0,0.0,0.556,0.0,0.05,0.05,MOVING
60.3,48.4,-207.748,-41.483,-143.51,69.18,-201.63,-47.83,-201.627,-47.828,8.816,-5.784,6.654,1.646,8.816,2.63,-1.045,-108.53,0.1427,7.47,5.56,3.129,6.583,7.289,0.0,0.002,0.591,0.0,0.05,0.05,MOVING
60.4,48.5,-207.68,-40.882,-144.05,68.94,-202.21,-47.97,-202.207,-47.966,8.951,-6.42,6.237,1.35,8.951,2.67,1.068,-108.48,0.0451,6.93,5.03,3.129,6.583,7.289,0.0,0.005,0.628,0.0,0.04,0.05,MOVING
60.5,48.6,-207.605,-40.27,-144.75,68.61,-202.96,-48.13,-202.955,-48.12,9.123,-7.233,5.561,1.722,9.123,2.71,1.963,-107.42,0.1302,6.22,4.36,3.129,6.583,7.289,0.0,0.008,0.666,0.001,0.04,0.05,MOVING
60.6,48.7,-207.537,-39.636,-145.5,68.25,-203.78,-48.27,-203.776,-48.262,9.41,-8.127,4.744,2.871,9.41,2.79,2.266,-105.62,0.0699,5.44,3.67,3.129,6.583,7.289,0.0,0.012,0.704,0.001,0.04,0.05,MOVING
60.7,48.8,-207.435,-39.013,-146.29,67.87,-204.64,-48.4,-204.642,-48.383,9.778,-8.861,4.133,3.673,9.778,2.9,2.714,-105.71,0.0558,4.6,2.99,3.129,6.583,7.289,0.0,0.016,0.74,0.001,0.04,0.05,MOVING
60.8,48.9,-207.353,-38.334,-147.08,67.49,-205.51,-48.49,-205.502,-48.474,10.308,-9.817,3.143,5.303,10.308,3.05,1.663,-103.11,0.029,3.77,2.41,3.129,6.583,7.289,0.0,0.02,0.776,0.001,0.04,0.05,MOVING
60.9,49.0,-207.244,-37.666,-147.76,67.16,-206.25,-48.55,-206.248,-48.527,10.907,-10.557,2.74,5.986,10.907,3.22,0.021,-103.51,0.0261,3.05,2.06,3.129,6.583,7.289,0.0,0.022,0.792,0.001,0.04,0.05,MOVING
61.0,49.1,-207.128,-36.999,-148.47,66.82,-207.04,-48.59,-207.033,-48.561,11.562,-11.38,2.047,6.556,11.562,3.41,2.263,-102.52,0.1367,2.28,1.93,3.129,6.583,7.289,0.0,0.025,0.805,0.001,0.04,0.05,MOVING
61.1,49.2,-207.006,-36.309,-149.31,66.41,-207.96,-48.6,-207.956,-48.578,12.306,-12.242,1.248,7.437,12.306,3.62,2.526,-101.75,0.0844,1.38,2.08,3.129,6.583,7.289,0.0,0.027,0.813,0.001,0.04,0.05,MOVING
61.2,49.3,-206.883,-35.608,-150.2,65.98,-208.95,-48.6,-208.944,-48.574,13.129,-13.126,0.245,8.228,13.129,3.85,3.317,-100.4,0.0815,0.4,2.26,3.129,6.583,7.289,0.0,0.03,0.814,0.001,0.03,0.05,MOVING
61.3,49.4,-206.747,-34.885,-151.14,65.54,-209.98,-48.58,-209.975,-48.547,14.039,-14.029,-0.523,9.102,14.039,4.11,3.048,-100.46,0.0109,0.62,2.43,3.129,6.583,7.289,0.0,0.032,0.831,0.001,0.04,0.05,MOVING
61.4,49.5,-206.597,-34.15,-152.05,65.1,-210.98,-48.53,-210.973,-48.5,15.002,-14.931,-1.454,9.632,15.002,4.38,2.219,-99.7,0.0148,1.61,2.56,3.129,6.583,7.289,0.0,0.035,0.85,0.001,0.04,0.05,MOVING
61.5,49.6,-206.427,-33.416,-152.88,64.7,-211.89,-48.47,-211.887,-48.435,15.981,-15.846,-2.073,9.786,15.981,4.66,1.145,-99.72,0.1218,2.52,2.67,3.129,6.583,7.289,0.0,0.036,0.847,0.001,0.04,0.05,MOVING
61.6,49.7,-206.263,-32.626,-153.53,64.4,-212.61,-48.4,-212.601,-48.361,16.963,-16.706,-2.943,9.826,16.963,4.93,-2.228,-98.05,0.0192,3.23,2.73,3.129,6.583,7.289,0.0,0.037,0.842,0.002,0.05,0.05,MOVING
61.7,49.8,-206.12,-31.869,-154.25,64.07,-213.39,-48.3,-213.382,-48.268,17.935,-17.486,-3.987,9.717,17.935,5.2,2.316,-96.24,0.0109,4.02,2.78,3.129,6.583,7.289,0.0,0.037,0.833,0.001,0.04,0.05,MOVING
61.8,49.9,-205.984,-31.046,-155.17,63.64,-214.39,-48.18,-214.387,-48.145,19.052,-18.266,-5.416,11.174,19.052,5.52,2.106,-94.15,0.0005,4.2,2.85,3.129,6.583,7.289,0.0,0.037,0.825,0.001,0.04,0.05,MOVING
61.9,50.0,-205.882,-30.166,-156.14,63.21,-215.44,-48.04,-215.431,-48.006,20.235,-18.967,-7.049,11.824,20.235,5.84,2.271,-91.77,0.0159,4.14,2.91,3.129,6.583,7.289,0.0,0.037,0.818,0.001,0.04,0.05,MOVING
62.0,50.1,-205.684,-29.41,-157.12,62.77,-216.5,-47.89,-216.489,-47.857,21.378,-20.329,-6.616,11.435,21.378,6.16,2.429,-95.93,0.1189,4.09,2.95,3.129,6.583,7.289,0.0,0.038,0.812,0.001,0.04,0.05,MOVING
62.1,50.2,-205.637,-28.575,-158.03,62.36,-217.49,-47.74,-217.479,-47.707,22.501,-20.147,-10.02,11.223,22.501,6.47,1.368,-88.52,0.0561,4.06,2.99,3.129,6.583,7.289,0.0,0.038,0.807,0.0,0.05,0.05,MOVING
62.2,50.3,-205.521,-27.763,-158.7,62.06,-218.2,-47.62,-218.195,-47.583,23.526,-21.304,-9.981,10.254,23.526,6.75,-3.185,-90.29,0.0271,4.05,3.0,3.129,6.583,7.289,0.0,0.038,0.801,0.0,0.07,0.05,MOVING
62.3,50.4,-205.371,-26.984,-159.37,61.75,-218.93,-47.49,-218.919,-47.454,24.547,-22.483,-9.852,10.209,24.547,7.02,1.748,-92.34,0.0442,4.04,3.01,3.129,6.583,7.289,0.0,0.038,0.796,0.0,0.05,0.05,MOVING
62.4,50.5,-205.208,-26.116,-160.31,61.33,-219.94,-47.32,-219.932,-47.282,25.784,-23.495,-10.621,12.37,25.784,7.36,2.336,-92.7,0.1564,4.02,3.03,3.129,6.583,7.289,0.0,0.038,0.79,0.0,0.04,0.05,MOVING
62.5,50.6,-205.01,-25.248,-161.42,60.83,-221.14,-47.12,-221.132,-47.08,27.139,-24.707,-11.228,13.549,27.139,7.73,4.694,-93.91,0.1089,4.0,3.05,3.129,6.583,7.289,0.0,0.038,0.784,0.0,0.04,0.05,MOVING
62.6,50.7,-204.84,-24.414,-162.67,60.27,-222.48,-46.89,-222.477,-46.851,28.539,-25.543,-12.73,14.006,28.539,8.11,5.298,-93.38,0.0045,3.97,3.08,3.129,6.583,7.289,0.0,0.038,0.779,0.0,0.04,0.05,MOVING
62.7,50.8,-204.615,-23.59,-163.99,59.68,-223.91,-46.64,-223.902,-46.605,30.028,-27.049,-13.039,14.884,30.028,8.51,6.515,-95.73,0.1269,3.95,3.1,3.129,6.583,7.289,0.0,0.038,0.775,0.0,0.04,0.05,MOVING
62.8,50.9,-204.411,-22.711,-165.34,59.08,-225.37,-46.39,-225.358,-46.349,31.584,-27.853,-14.892,15.561,31.584,8.93,5.581,-94.71,0.05,3.93,3.12,3.129,6.583,7.289,0.0,0.038,0.773,0.0,0.04,0.05,MOVING
62.9,51.0,-204.234,-21.854,-166.69,58.47,-226.82,-46.13,-226.814,-46.089,33.124,-28.374,-17.091,15.401,33.124,9.34,6.382,-93.11,0.0838,3.92,3.13,3.129,6.583,7.289,0.0,0.038,0.774,0.0,0.04,0.05,MOVING
63.0,51.1,-204.118,-20.964,-168.07,57.85,-228.31,-45.86,-228.303,-45.821,34.681,-28.231,-20.144,15.572,34.681,9.76,6.31,-89.8,0.0706,3.91,3.14,3.129,6.583,7.289,0.0,0.038,0.779,0.0,0.04,0.05,MOVING
63.1,51.2,-203.941,-20.063,-169.52,57.21,-229.87,-45.58,-229.858,-45.541,36.343,-29.841,-20.745,16.618,36.343,10.2,7.386,-91.78,0.0101,3.89,3.16,3.129,6.583,7.289,0.0,0.039,0.788,0.0,0.04,0.05,MOVING
63.2,51.3,-203.743,-19.184,-170.89,56.59,-231.35,-45.31,-231.343,-45.269,37.977,-31.23,-21.608,16.337,37.977,10.63,4.649,-93.04,0.0508,3.88,3.16,3.129,6.583,7.289,0.0,0.039,0.8,0.0,0.04,0.05,MOVING
63.3,51.4,-203.6,-18.227,-172.11,56.03,-232.66,-45.06,-232.655,-45.023,39.525,-31.383,-24.027,15.482,39.525,11.03,3.549,-90.88,0.0305,3.88,3.17,3.129,6.583,7.289,0.0,0.04,0.813,0.0,0.04,0.05,MOVING
63.4,51.5,-203.471,-17.359,-173.29,55.5,-233.93,-44.82,-233.926,-44.782,40.982,-31.737,-25.928,14.57,40.982,11.41,3.981,-89.65,0.0293,3.89,3.16,3.129,6.583,7.289,0.0,0.041,0.826,0.0,0.04,0.05,MOVING
63.5,51.6,-203.294,-16.502,-174.52,54.94,-235.26,-44.57,-235.255,-44.528,42.509,-33.471,-26.205,15.269,42.509,11.8,5.253,-91.6,0.0925,3.89,3.16,3.129,6.583,7.289,0.0,0.041,0.841,0.0,0.04,0.05,MOVING
63.6,51.7,-203.157,-15.601,-175.85,54.34,-236.69,-44.3,-236.682,-44.256,44.103,-33.587,-28.582,15.936,44.103,12.22,5.915,-89.88,0.0781,3.89,3.16,3.129,6.583,7.289,0.0,0.042,0.855,0.0,0.04,0.05,MOVING
63.7,51.8,-203.076,-14.722,-177.23,53.71,-238.18,-44.01,-238.171,-43.971,45.686,-33.175,-31.411,15.835,45.686,12.62,6.517,-87.36,0.0533,3.9,3.15,3.129,6.583,7.289,0.0,0.042,0.869,0.0,0.04,0.05,MOVING
63.8,51.9,-203.014,-13.932,-178.71,53.03,-239.77,-43.71,-239.766,-43.665,47.274,-33.617,-33.236,15.876,47.274,13.03,8.658,-86.85,0.0372,3.9,3.15,3.129,6.583,7.289,0.0,0.042,0.882,0.0,0.04,0.05,MOVING
63.9,52.0,-202.946,-13.119,-180.62,52.16,-241.84,-43.32,-241.834,-43.279,49.212,-33.912,-35.662,19.385,49.212,13.53,16.663,-86.26,0.0018,3.9,3.15,3.129,6.583,7.289,0.0,0.042,0.893,0.0,0.05,0.05,MOVING
64.0,52.1,-202.762,-12.229,-183.05,51.06,-244.46,-42.84,-244.454,-42.797,51.697,-36.767,-36.343,24.849,51.697,14.19,19.692,-89.48,0.0551,3.88,3.16,3.129,6.583,7.289,0.0,0.042,0.901,0.0,0.04,0.05,MOVING
64.1,52.2,-202.585,-11.328,-185.91,49.75,-247.56,-42.27,-247.548,-42.232,54.559,-38.579,-38.58,28.623,54.559,14.94,25.784,-90.9,0.0374,3.87,3.18,3.129,6.583,7.289,0.0,0.042,0.907,0.0,0.07,0.05,MOVING
64.2,52.3,-202.524,-10.36,-188.97,48.36,-250.86,-41.67,-250.849,-41.63,57.56,-37.017,-44.078,30.007,57.56,15.72,23.406,-87.42,0.2399,3.85,3.2,3.129,6.583,7.289,0.0,0.043,0.909,0.0,0.05,0.05,MOVING
64.3,52.4,-202.442,-9.325,-191.44,47.23,-253.53,-41.18,-253.52,-41.133,60.173,-37.012,-47.444,26.129,60.173,16.39,12.208,-86.35,0.1669,3.84,3.21,3.129,6.583,7.289,0.0,0.043,0.912,0.0,0.05,0.05,MOVING
64.4,52.5,-202.238,-8.368,-193.52,46.28,-255.78,-40.75,-255.774,-40.706,62.545,-40.36,-47.781,23.724,62.545,17.0,14.251,-89.35,0.1314,3.84,1.48,3.129,6.583,7.289,0.0,0.043,0.865,0.0,0.05,0.05,MOVING
64.5,52.6,-202.027,-7.389,-195.56,45.34,-257.99,-40.33,-257.978,-40.287,64.906,-42.412,-49.134,23.613,64.906,17.59,10.875,-90.65,0.0211,3.85,0.74,3.129,6.583,7.289,0.0,0.043,0.859,0.0,0.04,0.05,MOVING
64.6,52.7,-201.945,-6.443,-196.86,44.75,-259.38,-40.05,-259.387,-40.003,66.527,-40.13,-53.061,16.208,66.527,17.98,-1.935,-87.3,0.0704,3.86,2.17,3.129,6.583,7.289,0.0,0.043,0.866,0.0,0.08,0.05,MOVING
64.7,52.8,-201.816,-5.497,-197.3,44.54,-259.87,-39.92,-259.871,-39.88,67.473,-42.058,-52.761,9.461,67.473,18.19,-7.445,-88.72,0.0775,3.91,2.66,3.129,6.583,7.289,0.0,0.044,0.874,0.0,0.1,0.05,MOVING
64.8,52.9,-201.645,-4.54,-197.4,44.49,-259.98,-39.86,-259.98,-39.819,68.173,-44.012,-52.063,6.996,68.173,18.33,-9.562,-90.15,0.0112,3.95,2.77,3.129,6.583,7.289,0.0,0.044,0.877,0.0,0.11,0.05,MOVING
64.9,53.0,-201.462,-3.583,-197.41,44.49,-259.98,-39.82,-259.987,-39.773,68.811,-45.819,-51.337,6.376,68.811,18.45,-9.625,-91.32,0.0697,4.0,2.78,3.129,6.583,7.289,0.0,0.045,0.879,0.001,0.12,0.05,MOVING
65.0,53.1,-201.244,-2.559,-197.82,44.29,-260.44,-39.7,-260.444,-39.658,69.865,-47.477,-51.254,10.542,69.865,18.69,-1.027,-92.13,0.0612,4.04,2.93,3.129,6.583,7.289,0.0,0.045,0.882,0.001,0.08,0.05,MOVING
65.1,53.2,-201.053,-1.591,-198.77,43.84,-261.49,-39.5,-261.488,-39.457,71.318,-47.991,-52.755,14.528,71.318,19.02,1.904,-91.62,0.0049,4.09,2.89,3.129,6.583,7.289,0.0,0.044,0.887,0.0,0.06,0.05,MOVING
65.2,53.3,-200.876,-0.567,-199.63,43.43,-262.42,-39.32,-262.424,-39.273,72.707,-48.835,-53.865,13.897,72.707,19.34,-3.208,-91.53,0.1198,4.13,2.85,3.129,6.583,7.289,0.0,0.044,0.89,0.0,0.08,0.05,MOVING
65.3,53.4,-200.692,0.467,-200.27,43.12,-263.13,-39.17,-263.13,-39.125,73.933,-50.524,-53.976,12.256,73.933,19.62,-3.277,-92.33,0.0706,4.17,2.81,3.129,6.583,7.289,0.0,0.043,0.893,0.0,0.08,0.05,MOVING
65.4,53.5,-200.46,1.424,-200.91,42.81,-263.83,-39.02,-263.835,-38.979,75.158,-53.518,-52.769,12.255,75.158,19.88,-3.084,-94.59,0.0349,4.21,2.77,3.129,6.583,7.289,0.0,0.043,0.896,0.0,0.08,0.05,MOVING
65.5,53.6,-200.229,2.337,-201.69,42.43,-264.69,-38.85,-264.695,-38.812,76.479,-55.604,-52.509,13.21,76.479,20.18,0.542,-95.79,0.0587,4.25,2.73,3.129,6.583,7.289,0.0,0.042,0.899,0.0,0.06,0.05,MOVING
65.6,53.7,-200.038,3.316,-202.64,41.96,-265.75,-38.66,-265.746,-38.619,77.949,-54.622,-55.611,14.7,77.949,20.52,1.033,-93.74,0.2313,4.28,2.69,3.129,6.583,7.289,0.0,0.041,0.902,0.0,0.05,0.05,MOVING
65.7,53.8,-199.841,4.284,-203.7,41.44,-266.91,-38.45,-266.911,-38.414,79.508,-55.833,-56.606,15.59,79.508,20.87,2.706,-94.12,0.0898,4.31,2.66,3.129,6.583,7.289,0.0,0.04,0.905,0.0,0.04,0.05,MOVING
65.8,53.9,-199.65,5.308,-204.74,40.93,-268.06,-38.25,-268.061,-38.213,81.081,-55.649,-58.968,15.724,81.081,21.23,0.289,-92.88,0.1998,4.34,2.64,3.129,6.583,7.289,0.0,0.04,0.908,0.0,0.04,0.05,MOVING
65.9,54.0,-199.445,6.354,-205.78,40.41,-269.21,-38.05,-269.214,-38.012,82.68,-56.526,-60.339,15.994,82.68,21.59,2.156,-92.68,0.0557,4.37,2.61,3.129,6.583,7.289,0.0,0.039,0.911,0.0,0.04,0.05,MOVING
66.0,54.1,-199.255,7.333,-207.0,39.8,-270.57,-37.82,-270.566,-37.785,84.385,-57.804,-61.479,17.053,84.385,21.98,4.31,-92.91,0.0589,4.39,2.59,3.129,6.583,7.289,0.0,0.038,0.914,0.0,0.04,0.05,MOVING
66.1,54.2,-199.064,8.368,-208.49,39.05,-272.21,-37.56,-272.214,-37.518,86.35,-58.364,-63.639,19.648,86.35,22.43,8.199,-92.53,0.0364,4.41,2.57,3.129,6.583,7.289,0.0,0.038,0.917,0.0,0.05,0.05,MOVING
66.2,54.3,-198.914,9.358,-210.34,38.12,-274.27,-37.23,-274.266,-37.196,88.573,-58.226,-66.745,22.229,88.573,22.94,12.433,-91.49,0.0626,4.42,2.55,3.129,6.583,7.289,0.0,0.037,0.921,0.0,0.05,0.05,MOVING
66.3,54.4,-198.73,10.382,-212.62,36.98,-276.79,-36.85,-276.786,-36.809,91.212,-60.451,-68.303,26.393,91.212,23.56,17.796,-92.45,0.0101,4.43,2.55,3.129,6.583,7.289,0.0,0.037,0.924,0.0,0.06,0.05,MOVING
66.4,54.5,-198.526,11.428,-215.38,35.58,-279.86,-36.38,-279.859,-36.346,94.326,-61.712,-71.337,31.132,94.326,24.3,23.292,-92.53,0.0138,4.43,2.54,3.129,6.583,7.289,0.0,0.037,0.928,0.0,0.06,0.05,MOVING
66.5,54.6,-198.342,12.452,-218.16,34.17,-282.94,-35.92,-282.936,-35.88,97.428,-62.864,-74.433,31.021,97.428,25.03,17.706,-92.44,0.0276,4.43,2.54,3.129,6.583,7.289,0.0,0.037,0.931,0.0,0.05,0.05,MOVING
66.6,54.7,-198.158,13.486,-220.27,33.1,-285.28,-35.55,-285.279,-35.517,99.957,-63.583,-77.127,25.289,99.957,25.61,8.507,-92.15,0.12,4.44,2.53,3.129,6.583,7.289,0.0,0.037,0.934,0.0,0.04,0.05,MOVING
66.7,54.8,-197.954,14.555,-222.02,32.21,-287.23,-35.25,-287.224,-35.21,102.204,-65.124,-78.769,22.477,102.204,26.12,9.462,-92.54,0.008,4.46,2.52,3.129,6.583,7.289,0.0,0.036,0.936,0.0,0.05,0.05,MOVING
66.8,54.9,-197.763,15.59,-224.0,31.2,-289.43,-34.91,-289.429,-34.869,104.636,-66.565,-80.733,24.319,104.636,26.67,13.727,-92.78,0.0834,4.47,2.51,3.129,6.583,7.289,0.0,0.036,0.938,0.0,0.05,0.05,MOVING
66.9,55.0,-197.579,16.636,-226.09,30.13,-291.75,-34.55,-291.753,-34.513,107.167,-66.84,-83.769,25.311,107.167,27.23,11.949,-92.18,0.0124,4.47,2.5,3.129,6.583,7.289,0.0,0.036,0.94,0.0,0.05,0.05,MOVING
67.0,55.1,-197.402,17.615,-228.33,28.98,-294.24,-34.17,-294.242,-34.135,109.8,-68.862,-85.522,26.321,109.8,27.83,17.455,-92.92,0.0891,4.48,2.5,3.129,6.583,7.289,0.0,0.036,0.941,0.0,0.04,0.05,MOVING
67.1,55.2,-197.211,18.627,-230.62,27.81,-296.79,-33.79,-296.79,-33.75,112.514,-70.262,-87.878,27.141,112.514,28.45,13.537,-93.1,0.0461,4.48,2.5,3.129,6.583,7.289,0.0,0.035,0.942,0.0,0.04,0.05,MOVING
67.2,55.3,-196.987,19.607,-232.54,26.81,-298.93,-33.46,-298.93,-33.421,114.91,-73.998,-87.913,23.968,114.91,28.97,9.166,-94.81,0.0366,4.49,2.49,3.129,6.583,7.289,0.0,0.035,0.943,0.0,0.05,0.05,MOVING
67.3,55.4,-196.728,20.641,-234.33,25.89,-300.93,-33.15,-300.927,-33.113,117.247,-76.906,-88.501,23.371,117.247,29.49,10.464,-95.9,0.065,4.49,2.48,3.129,6.583,7.289,0.0,0.035,0.944,0.0,0.04,0.05,MOVING
67.4,55.5,-196.469,21.621,-236.29,24.87,-303.12,-32.81,-303.114,-32.778,119.718,-79.274,-89.71,24.702,119.718,30.03,12.873,-96.64,0.0431,4.5,2.48,3.129,6.583,7.289,0.0,0.035,0.945,0.0,0.04,0.05,MOVING
67.5,55.6,-196.238,22.689,-238.36,23.79,-305.43,-32.46,-305.425,-32.425,122.309,-78.677,-93.645,25.912,122.309,30.6,12.828,-95.35,0.1013,4.51,2.47,3.129,6.583,7.289,0.0,0.034,0.946,0.0,0.04,0.05,MOVING
67.6,55.7,-195.999,23.746,-240.27,22.8,-307.55,-32.13,-307.551,-32.095,124.748,-79.198,-96.383,24.392,124.748,31.13,8.774,-94.82,0.0788,4.52,2.46,3.129,6.583,7.289,0.0,0.034,0.946,0.0,0.05,0.05,MOVING
67.7,55.8,-195.883,24.892,-241.86,21.97,-309.33,-31.85,-309.332,-31.812,126.83,-73.335,-103.479,20.823,126.83,31.57,5.433,-90.77,0.1418,4.53,2.45,3.129,6.583,7.289,0.0,0.034,0.947,0.0,0.05,0.05,MOVING
67.8,55.9,-195.659,25.949,-243.12,21.32,-310.73,-31.62,-310.73,-31.582,128.652,-78.057,-102.266,18.214,128.652,31.93,0.942,-92.79,0.0038,4.55,2.43,3.129,6.583,7.289,0.0,0.034,0.948,0.0,0.07,0.05,MOVING
67.9,56.0,-195.468,26.984,-244.38,20.66,-312.14,-31.38,-312.142,-31.35,130.444,-78.628,-104.083,17.925,130.444,32.29,6.127,-92.51,0.0024,4.57,2.41,3.129,6.583,7.289,0.0,0.034,0.948,0.0,0.05,0.05,MOVING
68.0,56.1,-195.277,28.075,-246.31,19.66,-314.29,-31.05,-314.287,-31.013,132.871,-79.143,-106.729,24.27,132.871,32.8,15.54,-92.05,0.064,4.58,2.39,3.129,6.583,7.289,0.0,0.033,0.949,0.0,0.04,0.05,MOVING
68.1,56.2,-195.073,29.143,-248.81,18.36,-317.08,-30.62,-317.077,-30.586,135.84,-81.144,-108.94,29.685,135.84,33.44,18.903,-92.5,0.0474,4.59,2.38,3.129,6.583,7.289,0.0,0.033,0.948,0.0,0.04,0.05,MOVING
68.2,56.3,-194.896,30.189,-251.43,17.0,-320.01,-30.17,-320.004,-30.139,138.893,-80.242,-113.37,30.538,138.893,34.1,18.675,-91.45,0.0076,4.6,2.38,3.129,6.583,7.289,0.0,0.033,0.947,0.0,0.04,0.05,MOVING
68.3,56.4,-194.685,31.29,-253.95,15.68,-322.82,-29.74,-322.817,-29.707,141.911,-83.777,-114.543,30.173,141.911,34.76,16.432,-92.63,0.0095,4.61,2.37,3.129,6.583,7.289,0.0,0.033,0.946,0.0,0.04,0.05,MOVING
68.4,56.5,-194.501,32.325,-255.85,14.69,-324.93,-29.41,-324.928,-29.375,144.286,-84.011,-117.305,23.747,144.286,35.24,4.439,-92.19,0.058,4.62,2.35,3.129,6.583,7.289,0.0,0.032,0.945,0.0,0.06,0.05,MOVING
68.5,56.6,-194.344,33.338,-257.14,14.02,-326.38,-29.17,-326.374,-29.138,146.066,-83.855,-119.597,17.8,146.066,35.58,3.517,-91.61,0.0755,4.64,2.33,3.129,6.583,7.289,0.0,0.032,0.945,0.0,0.06,0.05,MOVING
68.6,56.7,-194.167,34.395,-258.48,13.32,-327.87,-28.92,-327.869,-28.893,147.924,-85.168,-120.946,18.589,147.924,35.94,5.482,-91.72,0.0958,4.66,2.32,3.129,6.583,7.289,0.0,0.032,0.944,0.0,0.04,0.05,MOVING
68.7,56.8,-193.949,35.53,-260.11,12.46,-329.69,-28.63,-329.689,-28.601,150.127,-88.462,-121.295,22.025,150.127,36.39,9.324,-92.71,0.0249,4.68,2.3,3.129,6.583,7.289,0.0,0.031,0.944,0.0,0.04,0.05,MOVING
68.8,56.9,-193.717,36.565,-262.18,11.38,-332.0,-28.27,-331.995,-28.24,152.71,-91.295,-122.416,25.828,152.71,36.9,15.222,-93.5,0.0995,4.69,2.28,3.129,6.583,7.289,0.0,0.031,0.942,0.0,0.04,0.05,MOVING
68.9,57.0,-193.554,37.655,-264.75,10.04,-334.87,-27.83,-334.865,-27.799,155.734,-88.014,-128.478,30.24,155.734,37.54,21.071,-91.36,0.1213,4.7,2.27,3.129,6.583,7.289,0.0,0.031,0.94,0.0,0.05,0.05,MOVING
69.0,57.1,-193.343,38.79,-267.4,8.65,-337.83,-27.37,-337.826,-27.344,158.899,-89.876,-131.039,31.654,158.899,38.21,16.523,-91.65,0.0453,4.71,20.68,3.129,6.583,7.289,0.0,0.031,0.937,0.0,0.04,0.05,MOVING
69.1,57.2,-193.173,39.903,-269.98,7.29,-340.71,-26.93,-340.709,-26.9,161.956,-88.505,-135.634,30.565,161.956,38.83,19.303,-90.57,0.0546,20.31,17.78,3.129,6.583,7.289,0.0,0.031,0.933,0.0,0.04,0.05,MOVING
69.2,57.3,-192.921,40.949,-272.58,5.92,-343.62,-26.48,-343.617,-26.453,165.083,-96.135,-134.203,31.278,165.083,39.47,17.328,-93.32,0.0315,17.44,14.87,3.129,6.583,7.289,0.0,0.03,0.93,0.0,0.03,0.05,MOVING
69.3,57.4,-192.737,42.062,-275.16,4.57,-346.5,-26.04,-346.498,-26.01,168.156,-93.424,-139.816,30.725,168.156,40.1,18.824,-91.67,0.0257,14.6,11.99,3.129,6.583,7.289,0.0,0.03,0.926,0.0,0.04,0.05,MOVING
69.4,57.5,-192.532,43.119,-277.81,3.17,-349.46,-25.59,-349.461,-25.557,171.298,-95.613,-142.13,31.417,171.298,40.75,19.136,-92.19,0.0025,11.68,9.06,3.129,6.583,7.289,0.0,0.03,0.921,0.0,0.04,0.05,MOVING
69.5,57.6,-192.328,44.198,-280.35,1.83,-352.31,-25.15,-352.303,-25.121,174.348,-97.644,-144.44,30.503,174.348,41.36,16.609,-92.53,0.0011,8.87,6.31,3.129,6.583,7.289,0.0,0.03,0.917,0.0,0.03,0.05,MOVING
69.6,57.7,-192.124,45.266,-282.77,0.55,-355.02,-24.73,-355.013,-24.704,177.282,-98.473,-147.417,29.337,177.282,41.95,16.431,-92.4,0.0145,6.2,3.86,3.129,6.583,7.289,0.0,0.029,0.912,0.0,0.03,0.05,MOVING
69.7,57.8,-191.926,46.324,-285.09,-0.68,-357.6,-24.33,-357.603,-24.305,180.103,-99.439,-150.163,28.212,180.103,42.51,14.293,-92.32,0.0053,3.65,2.27,3.129,6.583,7.289,0.0,0.029,0.908,0.0,0.04,0.05,MOVING
69.8,57.9,-191.722,47.358,-287.33,-1.86,-360.12,-23.95,-360.103,-23.918,182.845,-102.347,-151.517,27.424,182.845,43.05,15.077,-92.8,0.0491,1.18,2.27,3.129,6.583,7.289,0.0,0.031,0.916,0.0,0.04,0.05,MOVING
69.9,58.0,-191.518,48.415,-289.33,-2.92,-362.34,-23.59,-362.324,-23.562,185.353,-103.086,-154.042,25.077,185.353,43.53,8.773,-92.44,0.0045,1.01,2.35,3.129,6.583,7.289,0.0,0.032,0.93,0.0,0.04,0.05,MOVING
70.0,58.1,-191.313,49.461,-290.85,-3.73,-364.03,-23.31,-364.011,-23.279,187.392,-104.628,-155.463,20.391,187.392,43.9,4.253,-92.4,0.0301,2.67,2.39,3.129,6.583,7.289,0.0,0.033,0.937,0.0,0.05,0.05,MOVING
70.1,58.2,-191.116,50.507,-292.17,-4.43,-365.49,-23.06,-365.474,-23.025,189.23,-104.536,-157.735,18.377,189.23,44.22,4.34,-91.87,0.008,4.11,2.42,3.129,6.583,7.289,0.0,0.033,0.942,0.0,0.05,0.05,MOVING
70.2,58.3,-190.905,51.576,-293.48,-5.13,-366.94,-22.8,-366.927,-22.768,191.078,-106.976,-158.325,18.483,191.078,44.54,3.913,-92.25,0.0249,4.61,2.45,3.129,6.583,7.289,0.0,0.034,0.944,0.0,0.06,0.05,MOVING
70.3,58.4,-190.734,52.633,-294.31,-5.58,-367.87,-22.62,-367.852,-22.589,192.429,-103.134,-162.457,13.509,192.429,44.74,-6.398,-90.4,0.022,4.61,2.45,3.129,6.583,7.289,0.0,0.034,0.944,0.0,0.1,0.05,MOVING
70.4,58.5,-190.537,53.668,-295.0,-5.94,-368.62,-22.47,-368.601,-22.436,193.646,-106.45,-161.762,12.17,193.646,44.91,0.623,-91.01,0.0559,4.62,2.44,3.129,6.583,7.289,0.0,0.035,0.945,0.0,0.07,0.05,MOVING
70.5,58.6,-190.373,54.725,-296.16,-6.57,-369.91,-22.23,-369.893,-22.194,195.304,-104.401,-165.058,16.581,195.304,45.19,4.628,-89.82,0.021,4.61,2.45,3.129,6.583,7.289,0.0,0.035,0.942,0.0,0.05,0.05,MOVING
70.6,58.7,-190.196,55.737,-297.42,-7.25,-371.31,-21.96,-371.293,-21.932,197.05,-107.418,-165.197,17.457,197.05,45.48,2.996,-90.42,0.0324,4.6,2.46,3.129,6.583,7.289,0.0,0.035,0.938,0.0,0.06,0.05,MOVING
70.7,58.8,-190.033,56.739,-298.72,-7.94,-372.75,-21.69,-372.735,-21.659,198.813,-106.697,-167.757,17.63,198.813,45.78,5.843,-89.73,0.0137,4.59,2.47,3.129,6.583,7.289,0.0,0.035,0.931,0.0,0.05,0.05,MOVING
70.8,58.9,-189.828,57.785,-300.35,-8.82,-374.55,-21.36,-374.54,-21.323,200.939,-111.794,-166.968,21.258,200.939,46.16,10.256,-91.02,0.0149,4.57,2.49,3.129,6.583,7.289,0.0,0.035,0.919,0.0,0.04,0.05,MOVING
70.9,59.0,-189.583,58.831,-302.28,-9.85,-376.7,-20.96,-376.686,-20.925,203.392,-117.322,-166.144,24.535,203.392,46.61,12.437,-92.44,0.0772,4.56,0.47,3.129,6.583,7.289,0.0,0.035,0.901,0.0,0.04,0.05,MOVING
71.0,59.1,-189.379,59.866,-304.45,-11.02,-379.12,-20.51,-379.103,-20.474,206.034,-116.425,-169.986,26.416,206.034,47.09,15.709,-91.56,0.067,4.54,1.98,3.129,6.583,7.289,0.0,0.035,0.9,0.0,0.04,0.05,MOVING
71.1,59.2,-189.161,60.912,-306.61,-12.18,-381.52,-20.05,-381.507,-20.021,208.679,-117.872,-172.201,26.457,208.679,47.59,12.112,-91.57,0.0142,4.52,2.55,3.129,6.583,7.289,0.0,0.035,0.909,0.0,0.04,0.05,MOVING
71.2,59.3,-188.991,61.891,-308.83,-13.37,-383.99,-19.59,-383.974,-19.552,211.309,-114.406,-177.66,26.301,211.309,48.07,17.43,-90.01,0.0317,4.5,2.56,3.129,6.583,7.289,0.0,0.035,0.917,0.0,0.04,0.05,MOVING
71.3,59.4,-188.78,62.87,-311.17,-14.63,-386.59,-19.09,-386.576,-19.056,214.091,-120.525,-176.943,27.818,214.091,48.59,15.461,-91.56,0.061,4.49,2.58,3.129,6.583,7.289,0.0,0.035,0.924,0.0,0.04,0.05,MOVING
71.4,59.5,-188.555,63.86,-313.47,-15.87,-389.15,-18.59,-389.137,-18.562,216.857,-124.05,-177.871,27.653,216.857,49.11,16.669,-92.35,0.0931,4.48,2.58,3.129,6.583,7.289,0.0,0.035,0.929,0.0,0.04,0.05,MOVING
71.5,59.6,-188.357,64.84,-315.7,-17.07,-391.63,-18.11,-391.612,-18.082,219.519,-121.661,-182.721,26.622,219.519,49.6,13.721,-91.26,0.0851,4.47,2.59,3.129,6.583,7.289,0.0,0.035,0.934,0.0,0.04,0.05,MOVING
71.6,59.7,-188.18,65.83,-317.95,-18.28,-394.13,-17.63,-394.117,-17.595,222.193,-119.825,-187.114,26.74,222.193,50.09,17.322,-90.28,0.1122,4.47,2.6,3.129,6.583,7.289,0.0,0.035,0.937,0.0,0.03,0.05,MOVING
71.7,59.8,-188.105,66.92,-320.34,-19.57,-396.79,-17.11,-396.78,-17.079,224.947,-107.013,-197.862,27.542,224.947,50.6,16.438,-86.18,0.1062,4.46,2.6,3.129,6.583,7.289,0.0,0.035,0.939,0.0,0.03,0.05,MOVING
71.8,59.9,-188.03,68.0,-322.79,-20.9,-399.51,-16.58,-399.498,-16.55,227.744,-101.486,-203.882,27.968,227.744,51.1,17.799,-84.27,0.0123,4.46,2.61,3.129,6.583,7.289,0.0,0.035,0.94,0.0,0.03,0.05,MOVING
71.9,60.0,-187.942,69.068,-325.2,-22.21,-402.2,-16.06,-402.19,-16.023,230.527,-102.1,-206.684,27.836,230.527,51.6,15.824,-84.23,0.0205,4.45,2.61,3.129,6.583,7.289,0.0,0.035,0.94,0.0,0.03,0.05,MOVING
